,time,x_mean,x_max,x_min,x_std,y_mean,y_max,y_min,y_std,z_mean,z_max,z_min,z_std
0,0,0.02815172949921371,3.46116565925354,-3.4343802307187765,1.4391905632275166,0.008589100700220486,4.4562938862936186,-4.345029152415068,1.6989042977332496,0.005571428213098962,7.137855490415349,-7.141024509505716,2.8351072703656794
1,10,0.011848314925735718,3.5414306701900773,-3.4489367788894483,1.4875767903005905,0.02053346380731979,4.435456982145079,-4.402061902666514,1.843015444063523,-0.04277425315830611,7.192374319492291,-7.142651096056462,2.9220056207932967
2,20,0.009566344081512362,3.3093675490615126,-3.5426562423260566,1.2702033327851714,0.007868191334371777,3.7639676341788113,-4.45035444918981,1.498788223358437,-0.028470011278087255,7.160438984919722,-7.165168500551781,2.480722989630577
3,30,-0.007942306464126976,3.0425248366444926,-3.2038891946505297,0.8571434536693296,-0.0030667339105755636,4.464745083826854,-4.146745355652864,1.2759681355395474,0.005926075615935597,6.877803826931003,-7.054526518920898,2.077878237233255
4,40,-0.003585156845253561,3.453525178795181,-3.4859964493332014,0.9634493249664768,0.006775739017885735,3.413518415595717,-3.948906596786109,1.3887371675770275,-0.0288973456129806,7.063174069300453,-6.929424153855623,1.9833296703328938
5,50,0.0018578706321335323,3.4737194602355204,-3.421503044949148,1.0576692467451185,0.0011124798470195881,4.377762764557609,-3.8252137103077186,1.4179230793530166,-0.006724574111232154,6.357646663628538,-6.96755883818809,1.957498463811907
6,60,-0.0002229913625963924,3.2308560569856484,-3.3924025133689746,0.9955111179572671,-0.002396606607421077,4.303569093070372,-4.257258609602252,1.3245412823366005,-0.042953570955565366,6.685463370780506,-7.089389331139247,2.12324831591328
7,70,0.0040411954912902915,2.3666715769514486,-2.4801939109593434,0.703147011158584,-0.0009327772652514952,3.98513104067599,-4.323857981875974,1.2935561470132246,0.002109397616753368,5.4784950383873685,-5.090635546882148,1.6271786097380936
