,time,x_mean,x_max,x_min,x_std,y_mean,y_max,y_min,y_std,z_mean,z_max,z_min,z_std
0,0,0.03465924966150384,3.3019862457746223,-3.3346328486301764,1.3378047568697602,0.029655900615143616,4.975517796198037,-4.957409617685438,2.079000766113054,-0.017794357321044087,7.755858042677548,-7.796925021967103,3.0533235423543825
1,10,0.01341591049409732,3.287076054786377,-3.3205848893201697,1.104845784310135,0.020854939845468875,4.950287413024523,-4.894678059291914,1.8182102051024074,-0.02660880135385402,7.029899910589701,-7.70862720915383,2.80345495080293
2,20,0.008626499394398511,3.247025577341761,-3.3212133684956933,1.1533581595164089,0.0023569012213653763,3.729161242045802,-4.774274298373528,1.337988225955744,-0.007710620537157018,7.25477381524248,-7.524230515957867,2.406851231352575
3,30,-0.002565726335490549,3.26193137302464,-3.1658460504467865,0.8266528229307902,-0.0021867278897306805,3.915566435978772,-3.6129216552825847,1.1365196754614977,0.007998680822632116,7.55861584900787,-7.3820208523317214,2.0514744945774748
4,40,-0.014948904118158387,3.2789233126539643,-3.189962071452737,1.0052780221370206,-0.021583470313630046,4.7940028603419025,-4.910562084962477,1.5350834801640074,-0.06391747440375405,7.500739387953329,-7.674258011644317,2.3581448334115493
