,time,x_mean,x_max,x_min,x_std,y_mean,y_max,y_min,y_std,z_mean,z_max,z_min,z_std
0,0,0.012185176587719322,3.4879685357447867,-3.765571608096472,1.2591247284096327,0.016932486470354734,4.119887382975753,-4.1431080098149335,1.557194002047657,-0.02329519906168771,6.2190010909003925,-6.307307448410816,2.211047826154195
1,10,-0.009240142938143021,3.7289518107969934,-3.7486389669256175,1.2606167002059927,-0.01583762275366418,4.336249671171142,-4.295086715603252,1.5249916484565706,-0.020032666122053698,5.87606554936101,-5.911147552504096,1.9779245864987438
2,20,-0.004386478734116777,3.7722760644246742,-3.7641514817297663,1.1906459959122542,-0.005898371431984846,3.963989818494218,-3.76571465008148,1.3446577728614282,0.0100224043554398,6.414334224281005,-5.892248302143762,2.1801743904576156
3,30,-0.010297024432500919,3.649371311655371,-3.712405710917727,1.1987015085108697,0.0008860351981383268,4.3173894084406585,-3.8789685058528973,1.404679452309228,0.014019046893732923,6.2967220278538205,-6.179114007725529,2.1747764457125873
4,40,0.022512935540044566,3.7713015794554057,-3.63552720496459,1.2307134829873756,0.014482287736755346,4.232862961189178,-4.175652631947724,1.3684794165732852,-0.016035391957951176,6.427871719931173,-6.182703145833781,2.0847447655730034
5,50,-0.015799386529672273,3.640040370927762,-3.5648677554653325,1.1507436218585627,0.000705265822653205,4.21038504276539,-4.2943080927090564,1.4084226448841797,0.007876537206268741,6.4304551095274425,-6.194611021735373,2.069592221073285
6,60,-0.012214018050350472,3.6134869621249255,-3.7212517327666097,1.3476085426238942,0.010240085555703713,4.223886275029688,-4.2502470938744965,1.7209400555914982,-0.035773425732364965,6.484576555812367,-6.098384561209498,2.3536346166804054
