,time,x_mean,x_max,x_min,x_std,x_mean_PSD,x_max_PSD,x_PSD_above_20,x_weighted_mean,y_mean,y_max,y_min,y_std,y_mean_PSD,y_max_PSD,y_PSD_above_20,y_weighted_mean,z_mean,z_max,z_min,z_std,z_mean_PSD,z_max_PSD,z_PSD_above_20,z_weighted_mean
0,0,-0.014898386242345381,3.3762215395394097,-3.665649386702587,1.3428460185473035,1.8034573914409713,39.20936918853291,6.0,90.16177147641726,0.003825211941837181,5.606834455889216,-5.659854281744027,2.2151234673963147,4.906786608056271,114.80673838421524,78.0,245.3385987904936,-0.04735896062074683,9.293918005144928,-9.207891043056467,3.4782699419737124,12.100604660388893,393.382105975028,142.0,604.9180894618908
1,10,-0.0183623642312348,3.557962807052359,-3.6314575194173777,1.3962819778041577,1.949940537960851,52.02108951989113,20.0,97.48016807703453,0.011891311585467535,5.6791138770278815,-5.501302320619409,2.202020912313483,4.849037501557128,195.82056575799186,74.0,242.44480491329526,-0.06405797312319259,8.948297246126035,-9.10196299889601,3.1976842152275236,10.229287764235918,182.23283835632284,124.0,511.2592170157633
2,20,0.007024833731795571,3.520610643643208,-3.2334673311211994,1.1198158362537594,1.2540368554136658,45.82679158450698,12.0,62.699375356235315,-0.005260609133992686,5.282920773374209,-5.662345639787551,1.6979937264775367,2.883210369165532,159.7411922015297,32.0,144.15913475785356,-0.030477237464661848,9.207608235466207,-8.841765618771953,2.9164339418495575,8.506515799175626,427.85356035037177,104.0,425.2793468586073
3,30,0.0005389815348647761,3.657502941682649,-3.4829415150036334,0.9208034837997142,0.8478793462787854,14.778509756300908,0.0,42.393952788884526,-0.0020890092676321328,5.0819535253192,-5.485893752975704,1.636689142643985,2.678755713608422,134.77839363284593,38.0,133.9375674824351,0.0029680788533607057,8.914520550671847,-8.54993826807144,2.6521644535055864,7.033985097930667,190.11612939811832,96.0,351.69881442192934
