,time,x_mean,x_max,x_min,x_std,y_mean,y_max,y_min,y_std,z_mean,z_max,z_min,z_std
0,0,0.006618756933542201,3.7384434157401927,-3.726555539707082,1.4886732224493338,0.02007772713351644,5.34951295520366,-5.75242036068832,2.0692024267728772,-0.035623471521818176,7.240565638055379,-7.199243576708303,2.726715578900838
1,10,0.02698605888226938,3.8371785845086848,-3.861327159580582,1.4553739422317122,-0.009091490975312727,5.7407432394932725,-5.732619752323508,2.371403389796105,-0.027353494458981886,6.947903629898767,-7.208837052714358,2.742292552875671
2,20,-0.00783310683702469,3.5152346819178435,-3.8316800318175206,1.181422739843931,-0.010940241876994645,5.693371374192092,-5.6284781368018475,2.108204932309023,0.005076692499900179,7.171068635392669,-6.978848738031226,2.564761577667747
3,30,0.006042110877043941,3.785949679510608,-3.640320903924463,1.3712609750470166,-0.007015871490989875,5.621515886539647,-5.74792835049978,1.976105793551345,0.018909652220170756,7.202971039239078,-7.215326854332358,2.73632330363681
4,40,-0.002891575192844363,3.7035212629565533,-3.832770184495496,1.3581898630036784,0.001293868755517794,5.689484168441639,-4.89046805083072,1.9764731076313882,0.010051492144815346,7.2354277688043185,-7.036396373103727,2.2363225585293907
5,50,0.011720123001803301,3.5721972054966367,-3.7393117544987686,1.0849925290394618,-0.0070550174914137615,5.722726397092389,-5.549941121110909,1.7247283508578628,-0.0019477544420785082,5.963948611484604,-6.784488433626934,1.715926095948264
6,60,0.01041594783302074,3.8617414975482034,-3.3107333344716836,0.9611089342064285,0.0011738324811660147,5.667784108261834,-5.52162124847978,1.4520698891107278,-0.013078727684323962,6.2277474158598345,-6.787066355595188,1.8784294607239214
