,time,x_mean,x_max,x_min,x_std,y_mean,y_max,y_min,y_std,z_mean,z_max,z_min,z_std
0,0,-0.0200493336483212,2.8056562466671204,-2.761074947470328,1.00428648320478,-0.0004004458841102496,4.144263998374958,-4.231782674387834,1.516700564203317,-0.006792586885180822,3.2428331283218506,-3.2590141125606484,1.340544298497663
1,10,0.025233247451790074,2.8644962455477865,-2.846372921689765,1.0962299588271847,-6.587146135736092e-05,4.207576331047413,-4.214784801173285,1.712198389911988,0.008540930771411924,3.2024901333348272,-3.1934355503544065,1.186820323548109
2,20,-0.0034486153642710104,2.510197227604749,-2.6547591425428703,0.8642744097188053,-0.00019292107490807365,4.130334940639252,-4.062556828542636,1.2202706274062178,-0.002225388694446206,2.7974298605970134,-3.0949791127723363,0.9637132051247328
3,30,-0.0011469162735545293,2.686397808622808,-2.6454742188915734,0.8052244951555058,-0.0015899474493494103,3.89158233574004,-3.905983853255359,1.2931903140133862,-0.002851776411688652,2.81789407310493,-3.2600746185837384,0.9997774112219684
4,40,-0.0012506539316762856,2.7865373493166734,-2.8470012375096214,0.9580409128724225,-0.0016069657701877934,4.275309153902779,-3.9648140837826236,1.3743346791919289,0.000137589192629189,3.145668679145186,-3.1237590933971315,0.9290004476474557
5,50,-0.009344652245553715,2.7906203980400783,-2.8746351247285324,0.9882347927956283,-0.019594162345713158,4.213201490359872,-4.298081249010188,1.540846732018047,0.016847682068613746,3.2703934516781845,-3.2177113171472884,1.0570973029055772
6,60,-0.04809678401108244,2.314954002239189,-2.8716549173636587,0.9239174693300346,-0.006981417147904748,3.90155985480596,-4.266426157495772,1.3589368116611495,-0.014090591526342976,3.2425393195459487,-3.080784597739422,0.9551768424318707
