,time,x_mean,x_max,x_min,x_std,y_mean,y_max,y_min,y_std,z_mean,z_max,z_min,z_std
0,0,-0.006032722345900163,3.1877975379231436,-3.1238238770323665,1.1005263185032632,-0.008286714055347984,6.371347424446725,-6.510738607934487,2.2282783998985107,-0.02172163004860725,8.205366468123755,-8.317979167858521,2.6482082055792984
1,10,0.002857122647226555,2.731737706469082,-2.8730568766743234,0.9025303411701913,0.007528748779354412,4.6205346159774905,-5.693263952233359,1.84831317430029,0.003429584863775068,7.3475623405531625,-8.088586778458438,2.3358608365810687
2,20,0.0030438801226314515,3.074325857517507,-3.1935639789287835,1.1065182796842736,-0.02050745426940973,6.626694216420263,-6.328449728485406,2.507355409853042,-0.031050572497894204,8.27430278909659,-7.764474972791826,2.974998430412976
3,30,-0.00042634161632606294,3.1327825785391967,-3.1346700228803366,1.1246561786630977,0.013247868593708448,6.482440490290319,-6.606676882479798,2.5138218215664416,-0.030983788669659788,8.293195565173287,-8.27868609571463,3.003573427545384
4,40,0.002203363454318109,3.1308288168804213,-3.1786791014802738,1.1311218745629112,0.026004814358039533,6.6589040532001995,-6.400569968447952,2.424551391416746,0.060331477495544523,8.275932925862522,-7.676566397317621,2.7587066536226503
