,time,x_mean,x_max,x_min,x_std,y_mean,y_max,y_min,y_std,z_mean,z_max,z_min,z_std
0,0,0.0007620156867362007,2.804361745494433,-3.0083381688961404,0.8886652276874674,0.007828345052283995,4.226387410881768,-3.8157203964701223,1.2191582335040811,-0.02972266372217233,6.899984462951949,-7.0199433107271725,2.033881872837202
1,10,0.0031961522888194036,3.091455075197718,-3.0513074610329105,1.0408742653717753,-0.012194652308366376,4.5400580518377325,-4.609414458987493,1.6048685599763504,-0.055500501609582455,7.230430295321897,-7.327727251124322,2.6140649138213905
2,20,0.0031698046632419596,2.966031799156529,-2.7414038630916457,0.8908072298737751,-0.002813160118236878,4.4356285423414645,-4.344058884361403,1.4749387822436744,-0.006887530140174673,6.8520127996052524,-7.000077849198963,2.063678607032345
3,30,-0.01153860449851167,3.1162669247051613,-2.8988233351763366,1.0340858217487887,-0.03342254608525746,4.607337884969499,-4.5905520523645285,1.6762762213820785,-0.06771341894440304,7.190547575079044,-7.264978372562138,2.5375851282523865
4,40,0.004097304241626497,3.0636878265995278,-3.105804402003472,1.1250155923833625,0.0047219442502486235,4.523085995811993,-4.556733030820432,1.6221902273545223,-0.024427423554241916,7.24006706703899,-7.337165567819099,2.4126322231845103
5,50,-0.02660586132692584,3.0969904809976696,-3.1036477865618286,1.114280443638346,-0.012199887554877541,4.542014371620624,-4.566081201069472,1.786694944166595,-0.049454234931199464,7.0768251620874905,-7.241520811677343,2.52654528256784
