,time,x_mean,x_max,x_min,x_std,x_mean_PSD,x_max_PSD,x_PSD_above_20,x_weighted_mean,y_mean,y_max,y_min,y_std,y_mean_PSD,y_max_PSD,y_PSD_above_20,y_weighted_mean,z_mean,z_max,z_min,z_std,z_mean_PSD,z_max_PSD,z_PSD_above_20,z_weighted_mean
0,0,-0.006032722345900163,3.1877975379231436,-3.1238238770323665,1.1005263185032632,1.211194571457249,36.65412162367077,4.0,60.557908885917314,-0.008286714055347984,6.371347424446725,-6.510738607934487,2.2282783998985107,4.965293297084103,233.3699734086836,54.0,248.2612313727134,-0.02172163004860725,8.205366468123755,-8.317979167858521,2.6482082055792984,7.013478529309496,141.45718136078435,106.0,350.6503350048763
1,10,0.002857122647226555,2.731737706469082,-2.8730568766743234,0.9025303411701913,0.8145691798826034,17.440551328954445,0.0,40.728050836639106,0.007528748779354412,4.6205346159774905,-5.693263952233359,1.84831317430029,3.416318272350198,307.589792016762,34.0,170.8130795146008,0.003429584863775068,7.3475623405531625,-8.088586778458438,2.3358608365810687,5.456257609925548,186.60425444016946,66.0,272.8122923936606
2,20,0.0030438801226314515,3.074325857517507,-3.1935639789287835,1.1065182796842736,1.2243919684816456,42.491397195480836,4.0,61.21913516377224,-0.02050745426940973,6.626694216420263,-6.328449728485406,2.507355409853042,6.287251706999929,665.3371868479547,54.0,314.34155756596596,-0.031050572497894204,8.27430278909659,-7.764474972791826,2.974998430412976,8.85157979901212,658.9713964275337,100.0,442.5307830479837
3,30,-0.00042634161632606294,3.1327825785391967,-3.1346700228803366,1.1246561786630977,1.2648517019722554,39.840410333327775,8.0,63.24257601025408,0.013247868593708448,6.482440490290319,-6.606676882479798,2.5138218215664416,6.319475656605901,406.55566397592764,74.0,315.96500752918126,-0.030983788669659788,8.293195565173287,-8.27868609571463,3.003573427545384,9.022413329817052,335.4487447090474,116.0,451.0726667328364
4,40,0.002203363454318109,3.1308288168804213,-3.1786791014802738,1.1311218745629112,1.2794415499252263,27.257792221924465,8.0,63.971834755735735,0.026004814358039533,6.6589040532001995,-6.400569968447952,2.424551391416746,5.879125699990675,170.20393229725687,88.0,293.92247248104394,0.060331477495544523,8.275932925862522,-7.676566397317621,2.7587066536226503,7.614102287918676,387.8865245345895,102.0,380.5231200370941
