,time,x_mean,x_max,x_min,x_std,x_mean_PSD,x_max_PSD,x_PSD_above_20,x_weighted_mean,y_mean,y_max,y_min,y_std,y_mean_PSD,y_max_PSD,y_PSD_above_20,y_weighted_mean,z_mean,z_max,z_min,z_std,z_mean_PSD,z_max_PSD,z_PSD_above_20,z_weighted_mean
0,0,0.03465924966150384,3.3019862457746223,-3.3346328486301764,1.3378047568697602,1.7909228310904572,97.83196488469252,18.0,89.48607837516795,0.029655900615143616,4.975517796198037,-4.957409617685438,2.079000766113054,4.323123657939963,261.4970283725532,48.0,216.11220927493332,-0.017794357321044087,7.755858042677548,-7.796925021967103,3.0533235423543825,9.323101293447984,386.16946101391557,110.0,466.1392327147758
1,10,0.01341591049409732,3.287076054786377,-3.3205848893201697,1.104845784310135,1.2208641937622626,66.12984773044136,10.0,61.03421035539384,0.020854939845468875,4.950287413024523,-4.894678059291914,1.8182102051024074,3.3063232784544954,190.13962549623722,38.0,165.29441749692688,-0.02660880135385402,7.029899910589701,-7.70862720915383,2.80345495080293,7.860067689490946,356.4683301471921,84.0,392.96798305907294
2,20,0.008626499394398511,3.247025577341761,-3.3212133684956933,1.1533581595164089,1.3303094606148795,69.30229270440309,16.0,66.5117522061539,0.0023569012213653763,3.729161242045802,-4.774274298373528,1.337988225955744,1.7902180477795666,132.4925843181822,18.0,89.51062463980998,-0.007710620537157018,7.25477381524248,-7.524230515957867,2.406851231352575,5.7929923035324755,221.8733326475763,74.0,289.6466424931705
3,30,-0.002565726335490549,3.26193137302464,-3.1658460504467865,0.8266528229307902,0.6833614726110728,29.293254830702892,2.0,34.16774448297221,-0.0021867278897306805,3.915566435978772,-3.6129216552825847,1.1365196754614977,1.2916817544899717,45.044961335729965,14.0,64.58384863555541,0.007998680822632116,7.55861584900787,-7.3820208523317214,2.0514744945774748,4.208611580796808,160.98371511343805,72.0,210.4273800950953
4,40,-0.014948904118158387,3.2789233126539643,-3.189962071452737,1.0052780221370206,1.010807371526054,23.701804659976673,2.0,50.529195089586004,-0.021583470313630046,4.7940028603419025,-4.910562084962477,1.5350834801640074,2.35694713726322,124.62258264367303,24.0,117.82406455362205,-0.06391747440375405,7.500739387953329,-7.674258011644317,2.3581448334115493,5.564932498879737,205.1690818559704,78.0,278.0423527672792
