,time,x_mean,x_max,x_min,x_std,y_mean,y_max,y_min,y_std,z_mean,z_max,z_min,z_std
0,0,-0.014898386242345381,3.3762215395394097,-3.665649386702587,1.3428460185473035,0.003825211941837181,5.606834455889216,-5.659854281744027,2.2151234673963147,-0.04735896062074683,9.293918005144928,-9.207891043056467,3.4782699419737124
1,10,-0.0183623642312348,3.557962807052359,-3.6314575194173777,1.3962819778041577,0.011891311585467535,5.6791138770278815,-5.501302320619409,2.202020912313483,-0.06405797312319259,8.948297246126035,-9.10196299889601,3.1976842152275236
2,20,0.007024833731795571,3.520610643643208,-3.2334673311211994,1.1198158362537594,-0.005260609133992686,5.282920773374209,-5.662345639787551,1.6979937264775367,-0.030477237464661848,9.207608235466207,-8.841765618771953,2.9164339418495575
3,30,0.0005389815348647761,3.657502941682649,-3.4829415150036334,0.9208034837997142,-0.0020890092676321328,5.0819535253192,-5.485893752975704,1.636689142643985,0.0029680788533607057,8.914520550671847,-8.54993826807144,2.6521644535055864
