,time,x_mean,x_max,x_min,x_std,y_mean,y_max,y_min,y_std,z_mean,z_max,z_min,z_std
0,0,0.0003902168935339303,3.033254113326899,-3.049363656573449,1.2412775133547158,0.0034455424307938236,4.576252131915704,-4.540621208703247,1.857869447432734,0.0028151491019897477,5.878038148763152,-5.832617555464513,2.565356632758973
1,10,-0.0015529055069086952,2.9967453069387,-2.977188009335874,0.8662389727243877,-0.0005505257725873048,4.228448536326587,-4.438715332617295,1.268224039778027,-0.002155998379392675,5.873425932653941,-5.791831056665249,1.6836053667190967
2,20,0.002593575205380032,2.2257933705126858,-3.0000647491134815,0.781559569167964,0.003782548360501156,3.904093024125727,-3.919780372706757,1.241365514546393,0.005455555271896879,5.862263436511501,-5.752820185078753,1.8325965261493486
3,30,-0.0003864795285206055,2.8586796892227726,-2.980085936919493,0.7632231953935739,-0.0070508597480503366,4.197969296373895,-4.203665666752152,1.33542502406883,0.00239648496483323,5.630427063038001,-5.622028747328867,1.5046325551470525
4,40,-0.001670892861425113,2.968926361370145,-2.9886569533706195,0.9343863328586492,0.000988021903392218,4.445028145442872,-4.310726133204475,1.2123229800760988,-0.0029888226175117908,5.856112108431331,-5.43324089406766,1.5919587032144689
5,50,-0.006587032358720978,2.992634859059514,-2.938773195459373,0.8703553314480743,0.001171744027148924,4.514015374290744,-4.507018526988568,1.38211297862324,-0.007074505738333806,5.844374052533745,-5.629884480588973,1.8025470662888377
6,60,0.001727235138711511,3.066800404225135,-3.0610198138514413,1.1847269802338478,-0.0022615307770951893,4.575121904828805,-4.5567126777431435,1.8644247077302107,0.033440596056076057,5.854067207072315,-5.8147374494421005,2.1253177962691114
