,time,x_mean,x_max,x_min,x_std,y_mean,y_max,y_min,y_std,z_mean,z_max,z_min,z_std
0,0,0.000652069869733013,2.1587812163344062,-2.1643116852225828,0.6794431777154637,0.0017189731975899346,3.562024669830972,-3.5353840152522182,1.1205380794229864,-0.018452405162537776,5.621635674248849,-5.754665829749437,2.0342369931706425
1,10,0.0009846062682472385,2.140758432879853,-2.074539163231525,0.6620012684474632,0.0006357138421279065,3.657120901636728,-3.584582445818972,1.260205642377096,-0.01028841782085605,5.714348299439707,-5.743182846786553,1.8274767872817133
2,20,-0.0035793534647941536,2.1698926847486377,-2.143586224560813,0.7026989965173499,0.007300435270990068,3.626657238986032,-3.584988181631913,1.1821196907091245,0.00948244457541658,5.659732183999614,-5.444411445513415,1.785122212741473
3,30,-0.004224423188725679,2.172407841508908,-2.0053765780170103,0.7114823967695036,0.0009572872826451664,3.638870421212368,-3.576371263528406,1.1524395731568642,0.007614259943005214,5.7625238016851785,-5.642982687135247,1.7805717471280216
4,40,-0.002370646849520769,2.1441571799369865,-2.166990908588498,0.9346873480485874,-0.01255590905884252,3.658096678898288,-3.6618972617703527,1.5832792838841285,-0.014906193015052542,5.772805750636295,-5.779941060826864,2.36073169353891
5,50,-0.0005205745290862492,2.16679997957342,-2.1643798661016254,0.8569077804754697,-0.004674675649665728,3.6613725942028585,-3.644056344893228,1.4245045235983989,-0.0067331695194878735,5.724436460309733,-5.697862536401615,1.9536107095954807
6,60,-0.0026621937097745744,2.17273849211208,-1.8929987045855392,0.7914622593182778,-0.0044083884137841875,3.651155316056232,-3.653052716553413,1.3711532901283563,-0.0066179692853466756,5.6539364574589825,-5.752521868870682,2.06121752139927
7,70,-0.0012931208050402801,2.023525972931867,-1.9511026639816045,0.6219284510555358,-0.003719924559116035,3.0832706553638296,-3.4435315413966503,0.7827414106712159,-0.0056336536043950294,5.5604435188028845,-5.771544618297577,1.4181053946036204
8,80,0.00041317580801976763,1.758034492641559,-1.7477559988945006,0.5621740568918774,0.0028752655103070303,3.6108329105659385,-3.4021378860262548,0.9349490757840195,0.0024653681226932144,5.5243570567342495,-5.444593913806137,1.245265444446409
