,time,x_mean,x_max,x_min,x_std,y_mean,y_max,y_min,y_std,z_mean,z_max,z_min,z_std
0,0,-0.0001829534671143983,2.367155280525482,-2.291188700795055,0.786927408653537,0.009452246977368444,4.241100097815021,-4.215572121406494,1.295235589754419,0.027292811230342783,5.640981819524579,-5.99816646152235,1.8848229863652959
1,10,0.0026840526217788456,2.350316763940361,-2.0729343499943056,0.6982114343539974,0.00042034267781501194,3.3128027367070407,-3.828764495780363,0.9894197126364388,-0.004420603558315898,5.472702792729829,-5.779005139964018,1.6386418155102613
2,20,-0.0008551399095294608,2.3261906533819072,-2.376147603244072,0.8723788698129505,0.003747154870989343,4.2477185534981405,-4.268770132881952,1.4371168050052023,-0.008601986294191143,5.946760970724835,-5.877951140160557,1.8870179923046146
3,30,0.0027154831076729754,2.362382714998226,-2.347167299152627,0.7835466826856639,0.0008192025274193765,4.268121629651373,-4.241658756758747,1.4732712192517647,-0.007607122553432116,5.969001631247647,-5.962342570045627,1.963471197745315
4,40,-0.004949485850626211,2.301581301458656,-2.346209017564083,0.8106531897966018,-0.0018899084256337594,4.278468019270882,-4.197778548633114,1.5052241337815961,-0.031349172929989906,5.961237269081305,-5.802602182542801,2.007056917745949
5,50,-0.003861205650656126,2.21972594103669,-2.3742589915171424,0.8128168322644509,-0.005993182124194766,4.187526626533305,-4.262625246965053,1.372998249361586,0.017246565775376817,5.940662435250182,-5.981610650166643,1.9477366182020446
6,60,-0.005166291639762118,2.368865680036709,-2.344234007186305,0.88615388809781,0.0029664518794414118,4.2002482517651245,-4.259244473249585,1.6628295887399898,-0.010192400130995927,6.017524836600679,-5.9284188135418905,2.098869420641108
7,70,0.0022658438491606533,2.201772645255647,-2.193652444863736,0.6987605436875063,-0.008520163148785452,4.158329548514876,-4.193208381450845,1.2369623546011437,-0.001378610797324594,5.728053883779084,-5.9458079372193025,1.6550426971942658
