,time,x_mean,x_max,x_min,x_std,y_mean,y_max,y_min,y_std,z_mean,z_max,z_min,z_std
0,0,0.0045162823632128365,2.243170448030507,-2.224011700786833,0.7026332281624132,-0.0071538938791729425,2.9833826558330454,-3.0221869876190697,0.9538388909979991,0.0007177867948645187,4.518581877070701,-4.520179351943057,1.4916225759762867
1,10,-0.002442668070593958,2.213184974268147,-2.2094505627770884,0.7113157729745667,-0.003377923651492363,2.959260252486557,-2.7870839070874367,0.9220019860535268,0.0015697898559047733,4.421650333435752,-4.555839293682242,1.5121237396552687
2,20,0.003738713206505086,2.1869771812314553,-2.24594842674305,0.7960619246162324,0.008916450318544586,3.0054031475185137,-3.029561941197022,1.0911480758325407,0.003133455671414452,4.550409244453427,-4.371227730912311,1.5755371756918588
3,30,0.0022392006767290593,2.2100742050292816,-2.230487867231986,0.8332613458706374,-0.0043390833184505425,3.0351540106238755,-3.0293609271264987,1.1566722765747757,-0.014291726644861256,4.545058200975313,-4.561261622909839,1.5698571472623846
4,40,1.2413451508565143e-05,2.162478003940617,-2.2354130201839055,0.813856411220103,-0.0006490221187355484,3.014009402709536,-3.001823343931452,1.0790985545120801,-0.0009765012571214204,4.439998811720898,-4.525188512799481,1.598093604767118
5,50,-0.0030845565826683728,2.1909160682984283,-2.1284340827202914,0.8152613514629288,-0.005885233130328252,3.0208763535293013,-3.0252498596753186,1.1282713747264095,-0.009511705074393133,4.490826399628453,-4.50801701150983,1.5282875662013242
6,60,-6.442710516901066e-05,2.219069569658087,-1.9589527028950413,0.7179019312047501,-0.000786114901914717,2.9363255281395717,-2.993923296574631,0.8788389783733271,0.00043916735471949365,4.388052582526738,-4.5386569839813,1.2963697834886858
