,time,x_mean,x_max,x_min,x_std,y_mean,y_max,y_min,y_std,z_mean,z_max,z_min,z_std
0,0,-0.01771393936000607,10.865783863002221,-9.924740385212637,3.2419210957657265,-0.039568262037617485,11.557409151287706,-11.528200787220435,4.139207301562714,-0.13113897600817925,19.180124736219167,-18.919671956006862,6.222335941679881
1,10,-0.04356257410910308,10.930671942084881,-10.780905185873683,3.6814818775234337,-0.1098759954474663,11.339489710176785,-11.436431621066461,4.56369301213971,-0.04605255795870599,19.128032773808755,-18.904395663025305,6.9340726426148676
2,20,-0.04017770840862865,10.872821582351325,-10.940295384546085,3.8281276338512336,-0.01176939772806847,11.133004648481318,-10.994500267393372,3.9308318018152604,-0.15404636924312665,18.904364188772718,-18.791793520514076,6.235910291243789
3,30,-0.016572599957480522,10.076694285841619,-10.880335293572363,3.810037187818199,-0.009352889133014547,11.13588192338481,-11.371139352441578,3.677402851598081,-0.019209722445763744,19.07149721513646,-18.893159431495675,6.445694671622627
4,40,0.0005918661131234479,10.517171781868033,-10.845145554567473,3.2207252839395104,-0.01572335282229187,8.284126446798375,-8.336151257765831,2.663927446264253,-0.04831126531152146,18.032129256711983,-17.802776529586172,4.99749521722637
5,50,-0.04979602311234563,11.14609974291419,-11.21732029816668,4.209854747447458,-0.06621666874274697,11.407226397053961,-10.65793040875118,3.977933135954655,-0.06953025186704949,18.387746545056068,-17.572632932713017,6.30877543549089
6,60,-0.01358865095073186,11.186388016082404,-10.975876277530535,4.0127512494017985,-0.005139826340595193,11.045341670702074,-10.424004545546325,3.2334731917727937,-0.030589203728760384,18.33052588920048,-19.123678620593797,6.066865319614489
7,70,-0.08569348475863871,11.042080012222213,-11.170356710758906,3.835187228429745,-0.018887215788134716,11.395506041916244,-10.7764835256293,3.3200296344092335,-0.023180227642633305,18.526122381055323,-18.763187382415875,5.8554373604768175
