,time,x_mean,x_max,x_min,x_std,y_mean,y_max,y_min,y_std,z_mean,z_max,z_min,z_std
0,0,0.024951025110469222,6.738190508329872,-6.783156654241202,2.4926641043572544,-0.05778175281786307,10.200605344034104,-10.236399546657161,4.04017040977718,-0.04446726266064317,15.16054386078582,-15.189699997037554,5.841404953731795
1,10,0.014370533120332084,6.643073415579232,-6.530760446677296,2.1192755395050993,0.007682286244634213,10.149709570877533,-9.529312506188132,2.9164172845154694,0.0003327575597499042,15.542669778452986,-15.021399324368875,4.832466168893612
2,20,-0.009023394625318946,6.221435654295076,-6.488989905226918,2.266536074725437,0.004351273189807557,10.059885158629553,-9.904627054446435,3.482500929064769,-0.05316765099622504,15.529828177332508,-14.730692042689107,5.12905522861456
3,30,0.010087928687839136,6.738465826483583,-6.780012641826594,2.5837885482086578,-0.05017025323558786,10.295296719712349,-10.289459364838738,4.240397184880861,-0.19138942805438783,15.302883488048296,-15.324360926073934,5.765905092009433
4,40,-0.0003670674258046858,5.989685459100932,-6.448095667954964,2.2117439328239,-0.01989549837594205,10.184149956810725,-10.350575864201929,3.1557139873337006,0.006731970310285004,13.75321697336304,-12.955800706621144,4.317959128734992
5,50,0.008648933686499513,6.6715430462867165,-6.707941206821936,2.1716303800408876,0.011881452751848268,10.143552725466446,-9.93657676328225,3.0653844377106894,-0.07632702982434218,15.354268595782669,-15.009777087512616,4.667819597290519
6,60,-0.007957749218918632,6.7199760959268895,-6.719013392040153,2.308743662202134,0.027079885972232143,10.222460617033976,-10.214010502869595,3.730554310473239,-0.059380014055314186,15.190361462275431,-14.719367138180013,5.3229877112631465
7,70,0.02978095276865603,6.632859390516468,-6.519072950201997,2.2283942056312984,-0.009530512506068772,9.99418353222766,-9.731070554117936,3.187870635402579,-0.024448694818024308,14.578350296820949,-15.179709319106937,5.002187853804047
8,80,-0.02066141262401593,6.6467259643350705,-6.7718050078777186,2.336329176194635,-0.04096323909337012,9.82513157976035,-10.22864829210153,3.5403170851546863,-0.09198064694249147,15.234562643170431,-15.312585060226429,5.082370852369834
