,time,x_mean,x_max,x_min,x_std,y_mean,y_max,y_min,y_std,z_mean,z_max,z_min,z_std
0,0,0.0038568906118943945,6.05430092895541,-6.264171271355645,2.0082254094914695,0.01106090341037835,10.206625127375359,-10.093949461528627,3.9050990194617627,-0.01187251160866568,14.641144534604956,-14.817022188856106,5.245035562698561
1,10,0.0066444325500849945,6.208436093128286,-6.152026276262852,2.1177118753241997,0.0014729466217669076,10.196123216107187,-8.756093326493131,3.4172149686638544,-0.05103779520785376,14.2126194219325,-14.732160184840785,4.833404040313953
2,20,-0.0013691074111939266,5.675059305079062,-5.461683464876101,2.0386530303917842,-0.014760345570656539,9.91404796962297,-9.946672147998944,3.2640942515149884,-0.054828802940716986,13.926942491220126,-14.347306179122413,4.851048086638447
3,30,-0.00012540534140274585,5.765875425140681,-6.2461199388288975,2.0796811072678705,-0.015472546322657757,10.016441127491085,-10.156932248180075,3.3931018241375743,-0.02722128007124838,14.572214996802408,-12.788998305762865,4.698557985366441
4,40,0.04293781097424008,6.15253583935654,-6.155943969448324,2.3418707657067657,-0.0016231065614404194,10.193497717304908,-10.197734626758418,3.6768599267559474,-0.08485702454772419,14.514249341989238,-14.607073122562552,5.0645972909574715
5,50,0.034416619772236264,5.96801721210117,-5.802862354420843,1.9854809167040386,0.009745608058477183,9.971506093843015,-10.147589484116432,3.287838292716537,0.15597316885139548,14.656288968159215,-14.941288761268163,5.420197108230909
