,time,x_mean,x_max,x_min,x_std,y_mean,y_max,y_min,y_std,z_mean,z_max,z_min,z_std
0,0,-0.015269670658486029,11.758449459646323,-11.443757464178315,3.888843874889913,0.002764835621432155,18.67733960069399,-18.609237215086747,6.087108568760893,-0.018485833173315112,18.497624771132838,-18.443854985644343,6.055200576277476
1,10,0.07535160936342475,11.903333854551125,-11.634117967733294,4.130704919778189,0.04012012070864492,20.013447099987914,-19.600960674630727,6.685804861337728,-0.07260611819836883,18.011305002997858,-16.810296103620935,6.2553114206996545
2,20,0.08065368198113651,11.995430701146539,-12.056979117201312,4.5364458175667535,-0.0237676554108987,19.783942274385762,-20.026570482849106,7.591726846630023,-0.05924752225387939,18.38052978045952,-18.373235669618694,6.545782850115581
3,30,0.0378917873117053,11.53277252164333,-12.042955771898392,3.936383535109176,0.15416343385742684,19.168672409676816,-19.097799907935915,6.4525890943821835,-0.09062985269037202,18.365229867134605,-18.581209781903667,6.588276741940833
4,40,0.0038970769902342468,11.131824344504714,-11.853020992964339,3.672888627396337,-0.007625586074550644,19.376943228445143,-19.731535428399233,6.149156807250095,0.005979020965248169,18.44886643701723,-18.288962737672342,5.697488878821132
5,50,-0.04905638511137305,11.664744017036352,-11.905816472438307,4.2092992199693535,-0.01361749859268604,19.183374262022763,-19.716159070117897,7.070446657184608,0.0032515691717906847,18.538706646022078,-17.992642497837263,6.73721798326365
6,60,0.006439035776929888,11.418678834878746,-10.96248951755157,3.9195746979983674,-0.02503669515575074,19.862834641730085,-19.644779623170358,6.2852707433352855,-0.044953692424947074,18.297493873452748,-18.200371832728663,6.629450718424365
