,time,x_mean,x_max,x_min,x_std,y_mean,y_max,y_min,y_std,z_mean,z_max,z_min,z_std
0,0,0.015378196398350799,9.742945535402887,-10.067710769729821,3.5382844556785145,0.01573680504444794,17.806405703752986,-17.708613694267584,5.689980191445726,0.014080974084243345,12.126896098533328,-13.044484212985644,4.433267542776113
1,10,-0.004447624078229633,9.549970809513768,-10.006729300596279,3.4788780459847257,0.02204066886337308,17.16726475449269,-17.509856602050213,5.335472918229127,0.005592698583602676,12.427733075279448,-12.107109960170801,4.141651348051304
2,20,0.01757102942917241,10.312014170577983,-10.143393367872296,3.7112637281942775,-0.04921408329624017,17.816391449645835,-16.988540502204565,6.304546073896965,-0.02299105142498347,12.69411774485698,-11.837669227529366,4.616015734701846
3,30,-0.01620613832886302,10.18093427129642,-9.333801748514283,3.431801623543918,0.07501184805501952,17.528598230645713,-17.674916111072136,5.967122286181798,-0.013765207651159692,12.953754017768905,-11.971814747316685,4.5204418871578325
4,40,-0.025935810620251652,10.387581498439037,-10.323153677310069,3.7512531360142027,-0.031249999213336693,17.28778810447311,-17.81115859989306,6.840711053603938,-0.04202126588127722,12.871138321382734,-13.01277664505267,4.858607977392634
5,50,-0.0046561668832364195,10.33169996688152,-9.915551463066935,3.475766860098768,-0.042412642998028424,17.506456759806213,-17.601860649099677,6.392347479112802,0.0012343392609405904,12.822443489242765,-11.451919389826132,4.373575848042671
