,time,x_mean,x_max,x_min,x_std,x_mean_PSD,x_max_PSD,x_PSD_above_20,x_weighted_mean,y_mean,y_max,y_min,y_std,y_mean_PSD,y_max_PSD,y_PSD_above_20,y_weighted_mean,z_mean,z_max,z_min,z_std,z_mean_PSD,z_max_PSD,z_PSD_above_20,z_weighted_mean,x_range,y_range,z_range
0,0,-0.023555043007331848,4.693939652412974,-4.398472526305863,1.5374363607664625,4.352481102086201,76.70417308986798,12.0,42.03071592589743,-0.021504837926842407,6.466104934250701,-6.900271890438735,2.2469194399416432,9.52932278965427,221.60740604182195,28.0,86.1323847398139,0.029659854919895118,10.601084679200534,-10.160698723252523,3.632514096856717,25.771689176009065,408.17355508170596,69.0,240.29498694833677,9.092412178718837,13.366376824689436,20.761783402453055
1,10,-0.010681172879387194,4.536971374371356,-4.7140055573456685,1.4126600297134853,3.9118525343443906,49.959032575275096,9.0,42.99547164883935,0.008564279344817145,7.114109883294228,-7.2161233024036155,2.344217355980193,10.725753379923672,167.77128368738275,32.0,106.2559683917705,-0.05395077978188783,9.964792136991116,-10.502233633806208,3.8134372768024023,28.601403305993117,412.4275058297702,78.0,285.01015406770176,9.250976931717023,14.330233185697843,20.467025770797324
2,20,0.014294190800066957,4.633916437146754,-4.576588469739317,1.5521689190137697,4.661189329943486,68.92431371254173,9.0,49.406217877730036,-0.006276650593772208,7.246332104150441,-7.302811297971464,2.5210862041905155,12.277279891626895,158.93132702582395,45.0,119.7719523213141,0.01322660942631448,10.485969449561363,-10.355588065167463,3.3625930215989337,21.990440154950925,341.46394214684227,70.0,232.32117022878475,9.21050490688607,14.549143402121905,20.841557514728827
3,30,-0.004813191271076649,4.505876761641853,-4.65068302183772,1.7662923791732246,5.95900540972313,68.81579607393105,11.0,59.88039361804763,-0.012598859509046975,6.895536022149451,-7.242226056121362,2.86054332889503,15.816572013508008,193.1177150498828,24.0,141.19202193394887,-0.09438676494162479,10.527845925071516,-10.205840961619833,3.344096852057852,21.582508181198637,190.83506779233085,34.0,233.60710481461834,9.156559783479572,14.137762078270814,20.73368688669135
