,time,x_mean,x_max,x_min,x_std,x_mean_PSD,x_max_PSD,x_PSD_above_20,x_weighted_mean,y_mean,y_max,y_min,y_std,y_mean_PSD,y_max_PSD,y_PSD_above_20,y_weighted_mean,z_mean,z_max,z_min,z_std,z_mean_PSD,z_max_PSD,z_PSD_above_20,z_weighted_mean
0,0,-0.02609911506743684,4.56087110498362,-4.550885512565153,1.9419103374520288,3.7716969225103556,180.26332921836294,46.0,188.55078793515264,-0.028351223828907063,7.302985779118136,-7.4205982275210225,3.0958150980829364,9.584874913410857,873.9483600049556,72.0,479.20355607591307,-0.014786343924263812,9.180856506939724,-9.101596569110912,3.6629229924647904,13.41722348469386,859.233199908198,130.0,670.8502424363608
1,10,0.007428294992702461,4.046765504516031,-4.135872557992816,1.3011663779726812,1.6930891227330447,31.57656875453023,12.0,84.6516971583273,0.005381530462620128,6.9992834858480455,-7.262436612612309,2.3244885999641314,5.403276212233328,232.16861856869573,58.0,270.1623625681603,0.008400190737863347,9.174997219393118,-8.903720898609546,3.0460259090093786,9.278344401560842,478.1119561186368,106.0,463.91369191782053
2,20,-0.01669503325482361,4.581937956137133,-4.49207699414381,1.6245908120365058,2.639574030688812,123.73380647446085,24.0,131.9647653276716,-0.04625284672284355,7.210704427523106,-7.323165572795049,2.7665407653133167,7.655887131970359,340.5178251735406,108.0,382.6873903070197,-0.06437339582446082,8.716797163664934,-9.01359260726857,3.2449827169548873,10.534056767425893,242.72868999892123,142.0,526.4956416667959
3,30,0.006187965951611689,4.551627467150986,-4.289338565550091,1.2759418591031162,1.6280659187341349,23.627912398094953,6.0,81.40138139057585,0.015430715325077853,7.1235477732091335,-7.303384975289037,2.421254673592775,5.8627123013703,290.55991253028014,80.0,293.1237097197428,0.014197538377900958,8.431655138554161,-8.260810523971767,2.8335240179499275,8.029059930395093,221.69430900065345,112.0,401.4429180149551
4,40,-0.03291199547379444,4.542317429063161,-4.428775573392358,1.3217351389531744,1.7480669769896344,64.916246514015,16.0,87.34918887717839,-0.009129016995453439,6.6920087648651165,-7.2434819085325834,2.1635294335016537,4.68094294857929,169.03716576494364,68.0,234.04298048139938,-0.07559486850822043,8.618373156165044,-8.717919683450353,2.5891064593166617,6.709186841820036,225.57235898105543,100.0,335.17361288376304
