,time,x_mean,x_max,x_min,x_std,y_mean,y_max,y_min,y_std,z_mean,z_max,z_min,z_std
0,0,-0.02609911506743684,4.56087110498362,-4.550885512565153,1.9419103374520288,-0.028351223828907063,7.302985779118136,-7.4205982275210225,3.0958150980829364,-0.014786343924263812,9.180856506939724,-9.101596569110912,3.6629229924647904
1,10,0.007428294992702461,4.046765504516031,-4.135872557992816,1.3011663779726812,0.005381530462620128,6.9992834858480455,-7.262436612612309,2.3244885999641314,0.008400190737863347,9.174997219393118,-8.903720898609546,3.0460259090093786
2,20,-0.01669503325482361,4.581937956137133,-4.49207699414381,1.6245908120365058,-0.04625284672284355,7.210704427523106,-7.323165572795049,2.7665407653133167,-0.06437339582446082,8.716797163664934,-9.01359260726857,3.2449827169548873
3,30,0.006187965951611689,4.551627467150986,-4.289338565550091,1.2759418591031162,0.015430715325077853,7.1235477732091335,-7.303384975289037,2.421254673592775,0.014197538377900958,8.431655138554161,-8.260810523971767,2.8335240179499275
4,40,-0.03291199547379444,4.542317429063161,-4.428775573392358,1.3217351389531744,-0.009129016995453439,6.6920087648651165,-7.2434819085325834,2.1635294335016537,-0.07559486850822043,8.618373156165044,-8.717919683450353,2.5891064593166617
