,time,x_mean,x_max,x_min,x_std,y_mean,y_max,y_min,y_std,z_mean,z_max,z_min,z_std
0,0,-0.0033972287627864065,4.6166939591196785,-4.7500782651767945,1.398522571191302,0.013946093483517642,8.203729661601121,-7.873977268468052,2.4736404232169367,-0.0056025244341043855,8.4007983896608,-8.325970689264398,2.7299087348011457
1,10,-0.004872714069516255,4.811850629041814,-4.550591298465338,1.5610610406710421,0.0016749401561850696,8.073922012333334,-7.319705579223893,2.604339669877682,0.003568674986568299,8.326677758117846,-7.920534172203463,2.672579481470565
2,20,-0.01742220339554116,4.803164294878906,-4.747700223440494,1.7011786245879625,-0.004144002448811711,8.172851554196761,-8.123896793467079,2.8169727674048226,-0.020582699904112906,8.09093666269249,-8.407732681886019,2.814149485986786
3,30,-0.04355449301384164,4.709504434776687,-4.813024329465557,1.6976975502411864,-0.03719267497071948,8.24359814194198,-8.037938758159505,3.003198194873258,-0.037675452925934674,8.28738628573075,-8.251531427182549,2.9384466907227145
4,40,0.02667029238121821,4.6900910595563445,-4.811814880016891,1.8153232631157634,0.02801455945780669,8.29458293828096,-8.21345264680072,3.3908933359376743,0.003310612316512433,8.299428738990608,-8.412128109108023,3.0871870087543916
5,50,-0.0006136274615861073,4.701404619622121,-4.644669062701075,1.5273192476942488,-0.00412079106217106,7.9052140933434805,-7.8349554888452175,2.5648017303273596,-0.051902782342830946,7.499014853126786,-8.400676145674684,2.509744478180197
