,time,x_mean,x_max,x_min,x_std,y_mean,y_max,y_min,y_std,z_mean,z_max,z_min,z_std
0,0,0.012841691366117031,4.096611146990549,-4.225204429672146,1.4739631603322059,0.004156455422752421,7.34838311602199,-7.169779967246885,2.1373826304907397,0.03538603551083844,9.870050161133767,-9.492077668747449,3.11799792220403
1,10,0.00213444166314468,3.630306362823664,-3.9953243408433012,1.3367429427494222,0.002440464098499124,6.673393815032303,-7.4632476347174155,2.45316376315097,-0.008925569088620982,9.757570388956317,-9.350167055561748,3.396572184317256
2,20,0.008424775944880496,4.132615662080386,-4.14719510138091,1.346924121190971,0.013978549643567022,7.556627906009671,-7.211564092550295,2.6691862096962637,-0.020252210172716275,9.792978705682367,-9.194876012299245,3.1407503571431867
3,30,-0.0030390903631346555,3.7257108578359777,-4.065607713005907,1.4423397398115738,0.015547072495056293,7.1290713508967904,-7.521495936087063,2.4975449351655072,-0.013988913065441864,9.377384436571417,-9.653348794073484,3.21251186540189
4,40,0.016035601031584277,4.153467864080514,-4.249263677368209,1.7920883264454361,-0.024852087949383025,7.340549180583611,-7.525571030009599,3.2575333337469474,-0.03746501418447059,9.775921156270734,-9.674677464885473,3.8432046529077017
