,time,x_mean,x_max,x_min,x_std,y_mean,y_max,y_min,y_std,z_mean,z_max,z_min,z_std
0,0,-0.009271654181482342,4.187842001326507,-4.208519532659579,1.3148938670947616,-0.011063683541124376,7.014954037890189,-7.087228286722812,2.1210360127890446,-0.03254306703600716,10.465909228294793,-10.462934493065458,3.5410002000126393
1,10,0.024161593980593022,4.305215937925771,-4.333224394742127,1.4968194410648639,0.0050358061759059915,6.886364155516494,-6.980761376420602,2.3813235397623473,-0.038266189622996494,10.347996905067044,-10.215637869831124,3.5086661146395293
2,20,0.002602846066638363,4.3373975284623905,-4.3799461373448905,1.475577256220818,0.0032739536362595364,6.673429047518768,-6.945486033430258,2.6310517969942557,-0.04338200051489737,10.219435574858677,-10.437860314178893,3.4281950449632603
3,30,-0.00539464713500702,4.344703307154095,-4.074660768374701,1.4916982746379805,0.00973812374002549,7.071972359155907,-7.0022351227532535,2.317562310978456,-0.03627143559195643,10.357262285466966,-10.365845287049833,3.704342500697632
4,40,0.005873954502380257,4.019012715570995,-4.264168133396158,1.5058310662320005,0.02104747506828854,6.526285150606509,-6.903801208501371,2.3429746958514346,-0.021637096953719723,10.23184944287862,-10.01654165911067,3.382388287920428
5,50,-0.0076251574910339,4.312171112470689,-4.360734815214257,1.6194152277941767,-0.0034105968601280665,6.94203069185544,-7.1415706292426755,2.8337525636492376,-0.01348922226305307,10.459378314529127,-10.290912510180759,3.6172474239373904
