,time,x_mean,x_max,x_min,x_std,y_mean,y_max,y_min,y_std,z_mean,z_max,z_min,z_std
0,0,-0.0026566244227962444,4.092826751774482,-4.006493968169638,1.2876580282633476,-0.008276597206685136,6.8619141433512505,-6.9586127898048415,2.4411759845583547,-0.03981709346951688,10.14899165487364,-9.704184691608793,3.585937313172253
1,10,0.0032661002186182594,4.385245885970072,-4.168295836235705,1.4892975448639758,0.013429988389140028,7.589968004742255,-7.3725631037582975,2.6255254552592553,-0.03602493813648239,10.006200931325381,-9.88559006996439,3.4685257558897575
2,20,0.006441715689562478,4.423110856631896,-4.34622010042485,1.5098877213695132,-0.06184428301628991,7.5549790856696895,-7.3762842868518534,2.788348096012875,-0.04228332715059919,9.89876753943365,-9.787555196944457,3.866843172044698
3,30,0.006063703189141195,4.288542240252282,-4.3265236802760665,1.469677613103054,-0.005339777637333608,7.289437583052227,-6.872439513137857,2.6280113369191,-0.003090629129035357,10.140536434148917,-9.946324809464919,3.7921759462106883
4,40,-0.0048922190508714075,4.364376479113274,-4.445169519296938,1.5334752801867333,-0.00489125938586469,7.121644134091902,-6.5623510784083035,2.2393786708892898,-0.010256680304106577,10.458864842869671,-10.463307457997027,3.543607544055565
5,50,0.022245398916052074,4.450019053537691,-4.4167990613203205,1.71832685834664,0.023724371009125007,7.5855169570710945,-7.5739037530845215,3.0381434729492858,-0.08221191412189567,10.497870840841236,-9.882474454709577,4.0076577579800645
6,60,0.009528127551139257,4.4349946283123165,-4.445086092680881,1.5112332380802507,0.0188858931580827,6.160569739177014,-6.676455354709519,2.258473556607142,-0.013768632682858058,10.139109468549632,-10.565348475085283,3.2698793461683264
7,70,0.019332226394799205,4.282417985392288,-4.086632252212199,1.355778915966588,-0.028616892918913693,5.544447353739116,-6.4563865220158885,2.329065040921204,-0.00549732866321267,9.691003581317652,-9.475520369735683,3.0513074596867993
