,time,x_mean,x_max,x_min,x_std,y_mean,y_max,y_min,y_std,z_mean,z_max,z_min,z_std
0,0,-0.0089583709799091,3.865944710839964,-3.9312968627711453,1.397462565300191,-0.0082687133641929,7.2247636586396675,-6.982566035812164,2.2245878632513656,-0.009765205478940542,8.975404501967668,-9.361037677231572,3.1759459100510274
1,10,-0.0015494063327106148,3.8405050231704183,-4.005703031261631,1.335802574993157,0.03714996783299129,7.218008777515353,-7.576282636151234,2.6921751954390354,-0.0003971644293928142,9.624570624303367,-9.039835674406193,3.135260747049493
2,20,0.0004567866467902056,4.0050090725916405,-3.8718211363201793,1.2047140712309024,-0.0034436846672602247,7.507439656572712,-7.519364543385897,2.3506507420956453,-0.028696090028163517,9.521163202463068,-9.476913810588615,3.048244575803304
3,30,0.003586114007356171,3.9629630607707,-3.95110487388466,1.3368566317764814,0.017201081634387605,7.4734171650034975,-7.531979214814588,3.2447607774421128,-0.002663114986678415,9.637677066438496,-9.505355286806136,3.3580505814410895
4,40,0.007967977902426954,3.953395712660984,-3.844528661272306,1.4398606525150943,0.00022459755986974273,7.529529919309845,-7.25948636552167,3.078516232978992,-0.04520576083515981,9.627100688631362,-8.893619887157739,3.6450815159009053
5,50,-0.013654855894426025,3.979969531841517,-3.769781533470924,1.2764757577585912,0.002121232589430598,7.541480559520798,-7.0283516694452,2.3465135125252026,-0.015545022517708723,8.931143344511572,-9.471914407622323,3.1619800521149126
6,60,0.01703942127610767,3.991153403895288,-3.990346740620744,1.4409146937830148,-0.005110905242051394,7.481118692947812,-6.7885673443355135,2.5522359774443664,0.031230926339107328,9.610504427357661,-8.185222272098551,3.2980044676586524
7,70,-0.0049504679735288245,3.90141209564688,-3.974168907360776,1.4378104440286252,0.037828345243751865,7.530789802024282,-6.000052529815807,2.6284745533395966,-0.023209843918361485,9.480485057967083,-9.160730697876732,3.28748980865562
8,80,-0.004485505170570631,3.633697311795221,-3.8112235914704615,1.2202923371582972,-0.023924220147944927,7.521003282567383,-7.316113720208721,2.2468670519995197,-0.04470799271392457,9.521247454574304,-8.33367949948823,2.976955740653514
