,time,x_mean,x_max,x_min,x_std,y_mean,y_max,y_min,y_std,z_mean,z_max,z_min,z_std
0,0,-0.026793018208549155,4.679131567813782,-4.670810598328836,1.68988309414683,-0.0037593347789154556,8.863017278717368,-8.565392225941201,2.987569380725433,-0.03463936475543751,9.839537828626517,-9.547365048088233,3.5239380787635395
1,10,-0.0015245656316630995,4.097637513485797,-3.676275535896012,1.1650451324567734,0.0007434501693217248,7.137371453313928,-8.614312092363587,2.6071851303279603,0.010670713557160327,10.42320493982427,-10.399227770004607,2.9930446506754107
2,20,-0.0042715051473077035,4.624508533643511,-4.226329413133152,1.197893748177924,-0.0010249658634332928,7.427928567227143,-6.840606195558625,2.5158646369219286,0.006275828766119746,10.004472215616016,-9.30579046735721,2.7529569462211856
3,30,-0.008944083121480715,4.596977613985032,-4.657130033370621,1.5327694429637586,0.0071808297963371,8.981269361504319,-9.13041339177794,3.1504453034759643,-0.027886757556801152,10.215198551699388,-10.44638106435025,3.4600531360245546
4,40,0.008125545116648146,4.681506137260703,-4.677133052720709,1.706733371709879,0.03129955031531476,8.798222155975896,-9.059867578176,3.64098484671019,-0.06445131086267858,10.50625446510712,-10.494902234997241,3.8121132471838153
5,50,-0.02435139050172383,4.6038312504626235,-4.62855754543033,1.6623084898770366,-0.0005711120791226545,9.057423167393418,-9.099958789193,3.5772993636283354,-0.018879829165172154,10.443266053520064,-10.51384782683178,3.8702444514131047
6,60,0.0075363915644390145,4.663306474936187,-4.64802497872819,1.7451560871668506,0.023228866790871286,9.038940230771374,-9.013260955474754,3.5520898731561314,-0.004944176494322682,10.382471456501223,-10.490829250801356,3.9658347007626857
