,time,x_mean,x_max,x_min,x_std,y_mean,y_max,y_min,y_std,z_mean,z_max,z_min,z_std
0,0,-0.015734783863743468,4.742789431336927,-4.731422802203248,1.648307524769128,-0.00821183614990982,7.3964290748977755,-7.382853348034869,2.4920335452254334,0.025032882768494715,7.976772842412928,-8.05765749693121,2.750135218915082
1,10,-0.008505061027950197,4.432153812631915,-4.621262447709589,1.6333988182319412,0.031056635934105334,7.86931862792442,-7.731574024757693,2.709222144541596,0.018494210169425426,8.028204534078588,-7.631531207719374,2.855036394261468
2,20,-0.006931842701702401,4.731426049317924,-4.775083244229462,1.4922494485628777,-0.02773083969174397,7.712197741289563,-7.867247273807275,2.8278440421363005,-0.047483184805554114,7.733693800372929,-7.922552874972615,2.9465820214786795
3,30,0.016819122408974707,4.395521470722802,-4.627777055951578,1.6685737299649583,0.06258828795497287,7.798290202270629,-7.985704374327847,2.872205971396698,0.023476260183628368,7.291129228078757,-7.778964433203066,2.499529375915774
4,40,-0.005434520118337744,4.723049152092862,-4.489743296923487,1.6522069218025623,-0.006864427343022477,7.267922810194419,-6.618659412837765,2.8102901158715548,0.005797077435363654,7.878058798379952,-5.826835689092842,2.1731015234845987
