,time,x_mean,x_max,x_min,x_std,x_mean_PSD,x_max_PSD,x_PSD_above_20,x_weighted_mean,y_mean,y_max,y_min,y_std,y_mean_PSD,y_max_PSD,y_PSD_above_20,y_weighted_mean,z_mean,z_max,z_min,z_std,z_mean_PSD,z_max_PSD,z_PSD_above_20,z_weighted_mean
0,0,-0.023555043007331848,4.693939652412974,-4.398472526305863,1.5374363607664625,2.364265403457901,76.70417308986798,28.0,118.18552817034119,-0.021504837926842407,6.466104934250701,-6.900271890438735,2.2469194399416432,5.049109427641928,221.607406041822,62.0,252.43234847938342,0.029659854919895118,10.601084679200534,-10.160698723252523,3.632514096856717,13.196038370856641,408.17355508170596,140.0,659.7579331931386
1,10,-0.010681172879387194,4.536971374371356,-4.7140055573456685,1.4126600297134853,1.9957224470041843,49.9590325752751,18.0,99.78041797750525,0.008564279344817145,7.114109883294228,-7.2161233024036155,2.344217355980193,5.495428358959465,167.77128368738275,64.0,274.7677506039385,-0.05395077978188783,9.964792136991116,-10.502233633806208,3.8134372768024023,14.545214550745197,412.4275058297702,156.0,727.1151932053064
2,20,0.014294190800066957,4.633916437146754,-4.576588469739317,1.5521689190137697,2.4094326770430037,68.92431371254173,18.0,120.46141765761875,-0.006276650593772208,7.246332104150441,-7.302811297971464,2.5210862041905155,6.355915045302417,158.93132702582395,92.0,317.7937824479871,0.01322660942631448,10.485969449561363,-10.355588065167463,3.3625930215989337,11.307206772102763,341.46394214684227,142.0,565.3515914452923
3,30,-0.004813191271076649,4.505876761641853,-4.65068302183772,1.7662923791732246,3.1198119355356213,68.81579607393105,22.0,155.98943843627052,-0.012598859509046975,6.895536022149451,-7.242226056121362,2.86054332889503,8.182866867746789,193.1177150498828,48.0,409.13540682429306,-0.09438676494162479,10.527845925071516,-10.205840961619833,3.344096852057852,11.191892617339377,190.8350677923309,68.0,559.1491877971616
