,time,x_mean,x_max,x_min,x_std,y_mean,y_max,y_min,y_std,z_mean,z_max,z_min,z_std
0,0,0.01566006347516974,4.180072162765699,-4.230746495680112,1.2721853974373725,0.013083644430967586,5.488204445036256,-6.96368207681147,2.160922650441438,-0.01909371087928312,9.280427504897508,-9.681906784362845,3.2047081766597976
1,10,0.00847438142695069,4.179216031225636,-4.357221706918304,1.396054194513081,-0.005809137609502593,7.350221380743723,-7.2958645306285925,2.642726038327863,0.01755421818945945,10.18116778078316,-10.239071863784424,3.2933909383736477
2,20,0.0048374436353565,4.192918365810265,-4.254506332535734,1.5100634903203216,0.007529233762943974,7.222585365788159,-7.231572775961872,2.5155531706365837,-0.02836127256811889,9.383302342523745,-9.53463475237481,3.162243983247836
3,30,0.015327359913692048,4.23024294391713,-4.340150484334016,1.5441830372577223,0.03859907887388851,7.402011182610273,-7.4052011946125536,2.6735708422136537,-0.08331049643577243,10.091604253567727,-10.227216729326988,3.749369054952469
4,40,-0.013292352074460959,4.3817820038360376,-4.290165611116275,1.519242144091821,0.010954183877674871,7.218648531865941,-7.375100973688768,2.6845324084759152,-0.011847475243765497,10.213126316862487,-10.24651608499018,3.7765279547467725
5,50,0.01135156522664425,4.401308439965848,-4.373755457400977,1.645742306393625,0.012707024220955076,7.289617171703687,-7.361947709289984,2.3931525554533986,-0.04051463785022501,10.034737212186974,-10.123940283070807,3.383602441553088
