,time,x_mean,x_max,x_min,x_std,x_mean_PSD,x_max_PSD,x_PSD_above_20,x_weighted_mean,y_mean,y_max,y_min,y_std,y_mean_PSD,y_max_PSD,y_PSD_above_20,y_weighted_mean,z_mean,z_max,z_min,z_std,z_mean_PSD,z_max_PSD,z_PSD_above_20,z_weighted_mean
0,0,0.012841691366117031,4.096611146990549,-4.225204429672146,1.4739631603322059,2.172732307053647,90.99159604419603,22.0,108.62836990082523,0.004156455422752421,7.34838311602199,-7.169779967246885,2.1373826304907397,4.568421785245196,226.87572660937812,56.0,228.4202254561757,0.03538603551083844,9.870050161133767,-9.492077668747449,3.11799792220403,9.723163214377823,382.0617495356914,120.0,486.0955521434324
1,10,0.00213444166314468,3.630306362823664,-3.9953243408433012,1.3367429427494222,1.7868862508315986,43.490623848023255,18.0,89.34408474951925,0.002440464098499124,6.673393815032303,-7.4632476347174155,2.45316376315097,6.018018404702043,255.9477187219136,64.0,300.9006224418514,-0.008925569088620982,9.757570388956317,-9.350167055561748,3.396572184317256,11.536782269061252,246.64723006478616,144.0,576.8351301638849
2,20,0.008424775944880496,4.132615662080386,-4.14719510138091,1.346924121190971,1.8142755650957916,50.13153178522614,20.0,90.71022941230349,0.013978549643567022,7.556627906009671,-7.211564092550295,2.6691862096962637,7.124750421882846,222.75477691308748,76.0,356.22775110163536,-0.020252210172716275,9.792978705682367,-9.194876012299245,3.1407503571431867,9.864722957911933,363.015687644498,116.0,493.21564029475275
3,30,-0.0030390903631346555,3.7257108578359777,-4.065607713005907,1.4423397398115738,2.0803531611099544,83.22915580247478,22.0,104.01719625198595,0.015547072495056293,7.1290713508967904,-7.521495936087063,2.4975449351655072,6.237972414634045,345.5484345826059,68.0,311.886535158544,-0.013988913065441864,9.377384436571417,-9.653348794073484,3.21251186540189,10.320428175036685,410.0332458765644,130.0,516.0116242673965
4,40,0.016035601031584277,4.153467864080514,-4.249263677368209,1.7920883264454361,3.211837710282449,93.79889619116877,22.0,160.57902848910027,-0.024852087949383025,7.340549180583611,-7.525571030009599,3.2575333337469474,10.612141046747947,383.69657896314703,54.0,530.5761710236252,-0.03746501418447059,9.775921156270734,-9.674677464885473,3.8432046529077017,14.771625631419251,371.3752146610645,76.0,738.5111002065705
