,time,x_mean,x_max,x_min,x_std,x_mean_PSD,x_max_PSD,x_PSD_above_20,x_weighted_mean,y_mean,y_max,y_min,y_std,y_mean_PSD,y_max_PSD,y_PSD_above_20,y_weighted_mean,z_mean,z_max,z_min,z_std,z_mean_PSD,z_max_PSD,z_PSD_above_20,z_weighted_mean,x_range,y_range,z_range
0,0,-0.0031629236415062663,3.3000322175190098,-3.243733022837356,1.1328785295615649,5.089931815741751,71.09962812391184,14.0,51.62690875801097,0.0032515675978205755,5.341450140872435,-6.071605666123919,1.7488957282102793,11.754400321010259,146.69020054429868,45.0,102.8471727304259,-0.021385911133710283,8.936942382537726,-9.104902644587039,2.742670893886175,28.888116045539252,407.8050559288375,63.0,246.62175289919583,6.543765240356366,11.413055806996354,18.041845027124765
1,10,0.011372068014888688,3.3232063779802345,-3.351538078117104,1.2360380242983666,6.016427129284656,85.04297761507706,19.0,66.14140572949998,0.014752315770661538,6.131676783240085,-6.22361094050533,2.331314216385329,20.648552163850162,454.4774753272877,49.0,185.32072574843468,-0.007199504431125816,8.938524527398357,-8.992445828521213,3.0771559365259313,35.56563203017416,759.4094063951991,84.0,328.43765647528056,6.674744456097338,12.355287723745416,17.93097035591957
2,20,-0.00480191406179421,3.3319029676349414,-3.316355757366364,1.1903463581814042,5.5354845354804345,70.03581172755406,16.0,64.48527295094547,0.00020954063300613712,6.2089565665647015,-6.2182094085107495,2.2993815952183065,20.321119166273412,326.76163720812826,71.0,194.4333413873836,-0.026187696001432222,8.984888260708749,-9.087375764393496,3.3363400599002855,42.20993222781275,419.90580699422645,81.0,374.8185547389268,6.648258725001305,12.42716597507545,18.072264025102243
3,30,0.0063322770387913225,3.23278837943434,-3.350317214065609,1.0506976075693,4.327643815561974,75.0701203584469,14.0,46.69402100878041,0.002464907796975514,6.16458170802176,-6.21362148286888,2.100582354984211,17.457124819344976,425.0629994020086,45.0,158.0214916963392,0.002574847957565197,8.716751228864787,-9.091469022447864,2.5432189542077595,25.425320526410058,403.22362042191696,52.0,217.48241081998927,6.583105593499949,12.378203190890641,17.80822025131265
