,time,x_mean,x_max,x_min,x_std,y_mean,y_max,y_min,y_std,z_mean,z_max,z_min,z_std
0,0,-0.01742601905774272,4.539559590389897,-4.651616280996926,1.6703193384096682,-0.02465242514446086,6.64231872556816,-6.757380020711832,2.2980138351809014,0.013184464901576914,8.295342232631992,-8.290223891413657,3.056229836223422
1,10,-0.002070210022055955,4.655259862528791,-4.594425689941622,1.828799707106143,0.003972447856433785,6.866256091412631,-6.838583500679004,2.629394908056449,-0.010949880176140254,8.264159906819161,-8.316386308431179,3.0035105980112435
2,20,-0.0008256137844565697,3.6059016144279576,-4.598442226496535,1.043703666933681,0.006491374868357063,6.788469988311523,-6.321091311138861,1.7516007191844716,-0.005688995816984504,6.957994688084388,-7.716211594974808,1.835681129383162
