,time,x_mean,x_max,x_min,x_std,y_mean,y_max,y_min,y_std,z_mean,z_max,z_min,z_std
0,0,-0.0035131886969480227,5.065606034308299,-5.051200824962281,1.6087297550829847,-0.007759615304317103,8.038885158226815,-8.108452685688112,2.3519256689307935,-0.0010164864823123904,9.355903896230343,-9.79514515355683,2.830349903813436
1,10,-0.007267011344216499,5.07559925597706,-4.874517481748714,1.6857356301033737,-0.024801705753019928,8.170513876826657,-8.17847254967522,2.676460027268501,-0.01729085438532212,9.784691843502568,-9.575961327352566,3.31995435892131
2,20,0.000430573185726656,5.039856881975659,-5.076483471954322,1.7631556401911097,0.0007219034876702417,8.091616392125005,-8.024272993371758,2.456783983205558,-0.014798785553570226,9.635380091250898,-9.509411658472567,3.171801902794373
3,30,-0.0072447616748813,4.851888409622946,-5.093723473354721,1.7388033117552444,0.0016911664389050126,8.064131859164696,-8.101453995609981,2.729277941614587,-0.01256079151175013,9.721029155066633,-9.502729305622204,3.3351936869618686
4,40,-0.001183152216523455,5.009288339515621,-5.0823591353466435,1.799822595955617,-0.0022022018234318613,8.12914237226946,-8.104222707678208,2.706239249965065,0.012783267708367149,9.79930683638553,-9.770783930671305,3.295800628093984
5,50,0.0057266495762298775,4.948012869554646,-4.9361803310742784,1.4910680178659879,-0.010480445579081687,7.587375745873175,-7.910973313569312,2.2966625134504124,0.019860675518496886,9.463145758161053,-9.40420009161193,2.7479576956323273
6,60,-0.001602158144430424,5.019251154519034,-5.04551627469079,1.6071946008375415,-0.04335487588638812,8.029394500242692,-8.014583912125381,3.074927651689484,0.019745626068245307,9.790493125511675,-9.610904075190671,3.5707316720449382
