,time,x_mean,x_max,x_min,x_std,y_mean,y_max,y_min,y_std,z_mean,z_max,z_min,z_std
0,0,-0.0014153227436683718,3.927982341149115,-3.925537035666143,1.4206511202723564,0.00649978694031468,7.246142245317973,-7.262976431340298,2.4917214181695306,-0.01302225643103798,8.483175657089735,-8.52640278518367,2.8616432419590603
1,10,-0.0018628000026669393,3.796581625516063,-3.89793653923105,1.1587396416378246,-0.010642962980083173,7.076732978516661,-6.967218341370879,2.0681357306597445,-0.016207812977858175,8.501436005050852,-8.434155820624447,2.4620591452283915
2,20,0.025678987053270763,3.935385449157727,-3.904583948212391,1.581515617014456,-0.01834649116177825,7.195567358663397,-7.27018830742107,2.9243384277615134,-0.007483229700912947,8.533986725700728,-8.396663143523003,3.181259106092855
3,30,-0.0019264462154106896,3.8282629042819303,-3.9331160107724266,1.2417369987355746,-0.007023393068511248,6.790361843390978,-6.952730368041428,2.1332122579364095,-0.00604105417908876,8.292703713078327,-8.537003110730545,2.599949205718225
4,40,0.021271361880096425,3.716788512367267,-3.7310537057523634,1.3282663483156272,0.008532076583371392,7.243873019393487,-7.237275431048987,2.490659569802282,0.009779318612685144,8.504959568633183,-8.313204086456139,2.7297490035792613
5,50,0.003016527292506422,3.881123532205197,-3.661470921647109,1.3265988278300689,-0.031405214831779646,7.269857111437826,-7.201862201556931,2.456379661357347,-0.042422635650165644,8.529707270778617,-8.50521162565815,3.15095278718735
6,60,-0.005845430202995629,3.844385768856594,-3.9303607585246545,1.3868433492445233,0.007221466021381273,7.2041951134996065,-7.070236482034295,2.2265559314172094,0.02483163969388597,8.328139766810793,-8.535660604902242,2.9128829994419236
7,70,0.008709435211963585,3.7887170817251032,-3.4830741716841267,0.907431620312632,0.0014722451684347259,4.539565332407623,-4.0146866494003435,1.2530038481618497,0.007837111239898704,8.242437296180446,-8.234028723307379,1.674456891812153
