,time,x_mean,x_max,x_min,x_std,y_mean,y_max,y_min,y_std,z_mean,z_max,z_min,z_std
0,0,0.01679367816525155,5.7805828020486105,-5.798835190040276,2.101766021492898,-0.01708399170257007,8.343856446795067,-8.470055294813292,2.986479401972755,0.004570297717954833,9.277128381547033,-9.429993213070198,3.2072152475519875
1,10,0.0003361536696735008,5.65813147125848,-5.790594777756388,1.7353338742497455,-0.024080094693176575,8.597691812888492,-8.530564485337694,3.18288272489961,0.0016436864347029042,8.924492978648239,-9.456193175260909,3.4054345804834654
2,20,-0.006641420287797687,5.62441426624539,-5.799701934729402,2.028386942019408,-0.00256703979733027,8.386584563901398,-8.480334067588103,2.6232985434183416,-0.0032491755658409804,9.48453814806232,-9.168019060020676,3.3261306802192214
3,30,0.0076916459871662875,5.5861326303755225,-5.742715913144207,1.8382342475357853,0.039334580432365165,8.586540493466579,-8.129370775147438,2.875035807887852,0.0033963709691929253,9.303435537531307,-7.875255833939046,2.787493933844026
