,time,x_mean,x_max,x_min,x_std,x_mean_PSD,x_max_PSD,x_PSD_above_20,x_weighted_mean,y_mean,y_max,y_min,y_std,y_mean_PSD,y_max_PSD,y_PSD_above_20,y_weighted_mean,z_mean,z_max,z_min,z_std,z_mean_PSD,z_max_PSD,z_PSD_above_20,z_weighted_mean
0,0,-0.01742601905774272,4.539559590389897,-4.651616280996926,1.6703193384096682,2.7902703584055133,109.86233358960038,84.0,278.9966692265312,-0.02465242514446086,6.64231872556816,-6.757380020711832,2.2980138351809014,5.281475328748339,245.9191281931505,146.0,528.0867586682836,0.013184464901576914,8.295342232631992,-8.290223891413657,3.056229836223422,9.340714641936989,527.3311782125702,180.0,934.0540811822246
1,10,-0.002070210022055955,4.655259862528791,-4.594425689941622,1.828799707106143,3.34451265448105,190.83245392330178,96.0,334.4508368711515,0.003972447856433785,6.866256091412631,-6.838583500679004,2.629394908056449,6.913733362855154,395.182593859192,142.0,691.3717582513183,-0.010949880176140254,8.264159906819161,-8.316386308431179,3.0035105980112435,9.021195812241727,466.18463207657805,164.0,902.1075912365854
2,20,-0.0008256137844565697,3.6059016144279576,-4.598442226496535,1.043703666933681,1.0893180260089332,42.14853499229611,20.0,108.93173443708122,0.006491374868357063,6.788469988311523,-6.321091311138861,1.7516007191844716,3.0681472173952407,111.23961906540552,106.0,306.81050794475595,-0.005688995816984504,6.957994688084388,-7.716211594974808,1.835681129383162,3.3697575734468472,212.57664031149284,104.0,336.97252087734415
