,time,x_mean,x_max,x_min,x_std,x_mean_PSD,x_max_PSD,x_PSD_above_20,x_weighted_mean,y_mean,y_max,y_min,y_std,y_mean_PSD,y_max_PSD,y_PSD_above_20,y_weighted_mean,z_mean,z_max,z_min,z_std,z_mean_PSD,z_max_PSD,z_PSD_above_20,z_weighted_mean
0,0,0.01679367816525155,5.7805828020486105,-5.798835190040276,2.101766021492898,4.417702436728404,225.95609737230032,122.0,441.7420409102086,-0.01708399170257007,8.343856446795067,-8.470055294813292,2.986479401972755,8.919351081180041,770.6603681263186,178.0,891.9059218407549,0.004570297717954833,9.277128381547033,-9.429993213070198,3.2072152475519875,10.28625053175119,522.9513104620672,196.0,1028.622964412996
1,10,0.0003361536696735008,5.65813147125848,-5.790594777756388,1.7353338742497455,3.0113837681179216,111.53931812389074,106.0,301.1383655118632,-0.024080094693176575,8.597691812888492,-8.530564485337694,3.18288272489961,10.131322291424798,632.5148913835172,176.0,1013.0742440464363,0.0016436864347029042,8.924492978648239,-9.456193175260909,3.4054345804834654,11.596987383657693,587.7906130375301,198.0,1159.6984681952597
2,20,-0.006641420287797687,5.62441426624539,-5.799701934729402,2.028386942019408,4.114397695018284,169.69944923680617,132.0,411.4353586554845,-0.00256703979733027,8.386584563901398,-8.480334067588103,2.6232985434183416,6.881701837594115,351.24850142867797,164.0,688.1695247900794,-0.0032491755658409804,9.48453814806232,-9.168019060020676,3.3261306802192214,11.06315585903744,750.1988676969967,220.0,1106.3145301895581
3,30,0.0076916459871662875,5.5861326303755225,-5.742715913144207,1.8382342475357853,3.379164310231446,135.45397014670527,118.0,337.9105148813454,0.039334580432365165,8.586540493466579,-8.129370775147438,2.875035807887852,8.267378105855142,411.991702519811,180.0,826.5830896637354,0.0033963709691929253,9.303435537531307,-7.875255833939046,2.787493933844026,7.7701339665530025,263.7670699328379,192.0,777.0122431217243
