,time,x_mean,x_max,x_min,x_std,y_mean,y_max,y_min,y_std,z_mean,z_max,z_min,z_std
0,0,-0.0031629236415062663,3.3000322175190098,-3.243733022837356,1.1328785295615649,0.0032515675978205755,5.341450140872435,-6.071605666123919,1.7488957282102793,-0.021385911133710283,8.936942382537726,-9.104902644587039,2.742670893886175
1,10,0.011372068014888688,3.3232063779802345,-3.351538078117104,1.2360380242983666,0.014752315770661538,6.131676783240085,-6.22361094050533,2.331314216385329,-0.007199504431125816,8.938524527398357,-8.992445828521213,3.0771559365259313
2,20,-0.00480191406179421,3.3319029676349414,-3.316355757366364,1.1903463581814042,0.00020954063300613712,6.2089565665647015,-6.2182094085107495,2.2993815952183065,-0.026187696001432222,8.984888260708749,-9.087375764393496,3.3363400599002855
3,30,0.0063322770387913225,3.23278837943434,-3.350317214065609,1.0506976075693,0.002464907796975514,6.16458170802176,-6.21362148286888,2.100582354984211,0.002574847957565197,8.716751228864787,-9.091469022447864,2.5432189542077595
