,time,x_mean,x_max,x_min,x_std,y_mean,y_max,y_min,y_std,z_mean,z_max,z_min,z_std
0,0,-0.0020591896533409706,4.240867949857692,-4.516213884069847,1.2236024976080477,0.0020654515637758457,7.530385837995281,-8.373362848386448,2.3934229712732393,-0.0037936344037537953,9.936236153510896,-10.207712657214822,2.8891103549273103
1,10,0.0002337141034330462,4.347714999232226,-4.485218362866677,1.4709453799704588,-0.016633043749973576,8.019987293171635,-8.063524544785382,2.6861103827536064,-0.007989662144668537,9.905002538667228,-10.126122125062844,3.5863498678239285
2,20,0.0011441793646625007,4.372836558278591,-4.475657569828746,1.401271033284229,0.011666043728218892,8.242538984732446,-8.009327787300311,2.5182907190913157,0.0109579420546212,9.954877966592168,-10.223274542931586,3.1282733661177207
3,30,-0.029386950020549165,4.4849888195310434,-4.508246403775629,1.5783245302119,-0.004895805379911699,8.368111802433567,-8.355329982952448,3.0930104031227263,-0.023390850890288663,10.23794639699891,-10.238562442760989,3.734453551515974
4,40,0.014710186555042394,4.491610176627057,-4.441383070970554,1.5442505966116342,-0.009352215567296002,8.368622662870777,-8.387378620615314,2.8521247716870857,-0.011778816547626761,9.76609876605615,-9.99988587217898,3.1409480207210017
5,50,0.0050005123356158965,4.492005359942082,-4.469501455336073,1.4974931993524754,0.006200017430349249,8.16278627875625,-8.402003204731248,2.5164201630635827,0.006681833723949316,10.059725146353939,-10.203128601470722,3.407021250158664
6,60,0.0007435728881035178,4.5188643902629035,-4.51114776459286,1.6794841903283273,-0.017844891459366147,8.319147636818197,-8.375383789221402,2.787948060186732,-0.03681545447260214,10.102889393839282,-10.214397303310935,3.7969700592279283
