,time,x_mean,x_max,x_min,x_std,y_mean,y_max,y_min,y_std,z_mean,z_max,z_min,z_std
0,0,0.006716557548399413,4.582098582313608,-4.714217295667686,1.5893345900912752,0.0036501725525799186,8.583587253927275,-7.785625723185003,2.759318678497447,-0.02431613411282397,11.069154263593571,-11.355027352402596,3.8060960730498814
1,10,-0.0195772698195304,4.807864331914532,-4.6228964500057215,1.632116156854554,0.0181410672787017,7.913062507723247,-8.213257669135986,2.6797840152245533,0.0050072642765743225,12.292417806540954,-11.738524693761027,3.7646072824524435
2,20,0.00665458148664692,4.746329313724142,-4.039779305897782,1.3617447188167286,0.014633839363385621,7.139964007439129,-6.579945245542081,2.0993916551211087,0.009019997785465321,11.271277024116753,-12.561054593672395,3.5225679755133372
3,30,0.0024172055679790735,4.662629297300796,-4.339877979238904,1.3315000785133821,-0.007568046508829389,7.7754056703784515,-8.561429787787446,2.0852257288262095,-0.0076752564768124715,12.165162787673774,-10.630800157687656,3.1788515331975757
4,40,-0.0256300405649702,4.919026531907841,-4.9039388167367575,1.9349431992949426,0.012424816129640906,8.61480418694824,-8.631565507913542,3.6189434377113763,-0.13777401379942078,12.667603068816886,-12.344481390801318,4.782827463211282
5,50,-0.009828270896642632,4.917240616625198,-4.8763196381274385,1.6987881943305054,0.01480164291194739,8.669418391123093,-8.676392111285379,3.26342598708452,-0.06950742900964306,12.31314064815567,-12.253253968883074,4.403346603740986
6,60,0.04290996539646455,4.904676855104041,-4.652522832556747,1.899261970751961,-0.08133981481553869,8.35027225848243,-8.275903156987779,3.3070171142862774,-0.043508937198775556,12.624715334545341,-12.114240242738154,5.316722726292443
