,time,x_mean,x_max,x_min,x_std,y_mean,y_max,y_min,y_std,z_mean,z_max,z_min,z_std
0,0,0.012243114169323223,5.374941481713999,-5.3268885041339615,1.8065436844755713,0.0037371453023924478,8.53762611095718,-8.303046551852786,2.9452558682648053,-0.0611487825912756,11.88957923142689,-11.801350745154533,4.44535753988881
1,10,0.011161939942066733,5.409045519790653,-5.300875559896366,1.6521035274538287,-0.00661855691613545,8.350191165851038,-8.869395644517502,2.711918065688804,-0.01865378101282248,12.145259218581574,-12.085517999495197,3.814197219085322
2,20,-0.0053791171526857235,5.410351591602933,-5.243888842358562,1.6928571150280152,-0.026497430984559586,8.54156646189748,-8.556050325635539,2.8963441418026097,-0.05530362172451847,12.192759779000905,-11.615421247947976,3.4761169228427153
3,30,0.009061792702627539,5.340881122566059,-5.105651502805691,2.0247302638085394,-0.0011725642101685948,8.64562489608291,-8.767524115616219,3.3626221102603484,-0.018591187059864886,11.85743518723685,-11.871627050326932,4.423263402083328
4,40,-0.059907067685622636,5.049059222932193,-5.36925607655346,2.1040389537377107,0.030642573924851965,8.878049963030588,-8.861158425427286,3.581245157902262,0.027169810275350908,12.078361184695533,-12.152107499233141,4.770480958081704
5,50,-0.0009966955693202985,5.283087087052444,-5.1092820784823845,1.5941232700522265,0.0030886921475147882,8.82693229891664,-7.941882991941217,2.98922264142549,0.009061176455755054,11.855067332760939,-12.006243931612374,3.6896933920177837
6,60,0.00549323805953008,5.247968055446165,-5.340137921889547,1.6133027087085112,-0.0192492286438328,8.469880405077808,-8.529196929141152,2.6018568533942146,0.044373624775198496,11.308103388489112,-11.435316187796616,3.608762306078398
