,time,x_mean,x_max,x_min,x_std,y_mean,y_max,y_min,y_std,z_mean,z_max,z_min,z_std
0,0,-0.00478324995391678,3.0645922692899314,-3.073707770580824,1.389834159049711,0.021242378834964264,6.336887321281028,-6.836036701172137,1.893376262890766,-0.0039823936263386275,7.738722060874407,-7.909746150863553,2.8753555949756913
1,10,-0.004469517654993859,2.894582586819664,-2.9439843220544084,0.9090261659802917,-0.009786738727839223,6.706372148837521,-6.264509257427366,1.906470267778863,-0.014984185557701797,8.086628391325894,-7.7999824468779,2.362122455134445
2,20,-0.0004978738332611571,2.219294715826363,-2.5358598422970293,0.5384401199329012,0.0001743240299149642,6.605925890402178,-6.592344584013059,1.8814240936569895,-0.007352665972763687,7.388763526251947,-7.28700257009781,2.156040868374
3,30,0.0010188077343312348,1.7113615367645756,-1.4927494577515426,0.4808778905851131,0.0029461465833893934,5.7064954964648615,-5.587652999124327,1.683232948516405,0.005319763147465718,5.407794035676094,-5.842963755696911,1.779487878706037
4,40,-0.01701823925242077,2.919688086296448,-3.01455547356784,0.973179373206633,-0.04544991338588112,6.939349866663116,-6.881029512349382,2.644537635085855,-0.006040496058059683,8.043928066138061,-8.056500246771853,2.8265841186202088
5,50,0.011384477240530471,3.0757355565834743,-3.06094479417365,1.1585413332925232,-0.014397115502842929,6.87944721469716,-6.860943944211045,2.6633763399176904,-0.006820391702900082,8.153547293049064,-8.093350354992502,3.130866884559901
6,60,-0.0005884794833375739,2.9815404105263217,-3.019942588890462,0.8768121776655611,-0.05819420594288019,6.8657171563118204,-6.922454764211974,2.1086544630046724,-0.009018775417095698,8.114257306771323,-7.214557541603675,2.471670582942611
7,70,-0.01861629978206198,2.865965215162257,-2.878007660984782,0.8597843849747077,0.030309535730738576,6.765011224320122,-6.925621767582923,2.776465852503055,0.0047854024790806695,8.1618552106017,-8.106468032472645,2.8786667538041226
