,time,x_mean,x_max,x_min,x_std,y_mean,y_max,y_min,y_std,z_mean,z_max,z_min,z_std
0,0,0.00013364907136412404,2.9888121851891523,-3.094372073001224,1.1145748987940758,-0.005415080195504807,4.252424243504306,-4.286674533035092,1.5479236407455665,0.008650899810301824,6.697839935835253,-6.849944348660188,2.5822863474044877
1,10,-0.019855430747138646,3.0927114964250486,-3.0280987476912484,1.1281455401914178,0.014604220767481935,4.2193095468982165,-4.260342188301685,1.5850117858810095,-0.02447692926270849,6.872884262361962,-6.923270276793794,2.551611016720651
2,20,0.0032456453718765267,3.0033343074004786,-2.8487095380924745,0.9744184946538741,-0.00018366841799860988,4.285251099327135,-4.057147232387035,1.4020672779498906,0.02518571454538079,6.738360811771072,-6.893660370708983,2.309485055965476
3,30,-0.005880474350617492,3.028766652033859,-3.0629901522169978,1.1460159862957706,0.011878265142554308,4.282724342275971,-4.3444461165377435,1.5582651169331618,-0.04361724476228328,6.93719126025107,-6.880738830781264,2.514303194425229
4,40,-0.017267713071261754,3.0836252681941985,-3.0951377455175946,1.2099252797998232,-0.03956715597859099,4.1656042968931235,-4.298980093187424,1.718158821666285,-0.06213494972509457,6.8673950396952,-6.938216425360513,2.630217826942886
5,50,0.0029184741209632675,2.7834016042026217,-3.018657732326876,0.9892897708720539,0.004600257369813046,4.086579271984183,-4.113916558213219,1.3774323328569364,-0.0029308959983677923,6.934815239073672,-6.263456041158777,2.2097127917341277
6,60,-0.00037979505898517107,3.078874873864742,-3.0529161465866324,0.9656670628869519,0.004867771220267459,4.2833400836670315,-4.143722623671168,1.4078872840448051,-0.0020740528929057483,6.486873770073563,-6.551607726032648,2.0698127366337236
7,70,-5.4185674796919606e-05,3.0355442486116924,-3.0399735722506835,0.9110348987136785,-0.0033673577571650434,4.0232704624021425,-3.955435460596211,1.1961174842562812,0.009546713748107442,5.8123712015031925,-6.6074422502272805,1.9272427015305753
8,80,-0.010290813057642477,3.0845523026187003,-3.019436557329469,0.9207042956104345,-0.01491707196480953,4.132560329798058,-4.193218396786612,1.5193824406165817,-0.029307277013006637,6.738711684299703,-6.508060755676628,2.079137616201227
