,time,x_mean,x_max,x_min,x_std,y_mean,y_max,y_min,y_std,z_mean,z_max,z_min,z_std
0,0,0.0011713395581982524,2.9458260487329126,-3.247796135153942,0.9945226371501277,0.004546341286199793,6.677952891649133,-5.849223809138423,1.92793281775187,0.005066807077694508,8.961321794980574,-7.856782889484473,2.3732154018068456
1,10,-0.0010723232233367755,4.091599005275477,-4.2578138848937455,1.2576420579563405,-0.029829354723323636,7.421795949635414,-7.421406815988082,2.447060395159592,0.010651842021820773,9.157825640139595,-9.157088974571934,2.882657783205053
2,20,-0.008989024996989852,4.069857180449647,-4.2494107027110575,1.3006558227616138,0.01005425767319532,7.527346343416402,-7.161207802133223,2.4314747442436007,-0.0013226191348357078,9.18772984506966,-8.995087869959477,3.1031579839086447
3,30,0.013421449060864283,4.255953669762489,-4.281318747250564,1.6322475680018669,-0.0076397506453827705,7.3068778748981655,-7.527846435681852,2.74924882277061,-0.0004657474168586746,8.930662264623212,-8.91989339790668,3.065060974322245
4,40,0.012620125492672867,4.2582133805450555,-4.293793448849147,1.6008051385136526,0.00621770090180885,7.484659379617597,-7.511498983821938,2.5687320101755997,0.047109298822877864,8.899336915976841,-9.039328002905043,3.265961947251569
5,50,-0.007886654432082715,4.19427701120966,-4.2834222115802385,1.7183219931155331,0.025285720123611022,7.4983788441837005,-7.181634826311521,2.7764874738992344,0.010478074768974449,9.127201652881082,-9.026080543901207,3.4014452101172936
6,60,0.004178178425584987,4.255295678787078,-4.13476166412951,1.664417773141354,-0.03937920070450885,7.224247496660119,-7.516535022940245,3.137933162785374,0.00043752158305955123,9.11066490264163,-8.736623534301053,3.3146740532066272
