,time,x_mean,x_max,x_min,x_std,x_mean_PSD,x_max_PSD,x_PSD_above_20,x_weighted_mean,y_mean,y_max,y_min,y_std,y_mean_PSD,y_max_PSD,y_PSD_above_20,y_weighted_mean,z_mean,z_max,z_min,z_std,z_mean_PSD,z_max_PSD,z_PSD_above_20,z_weighted_mean
0,0,0.00787617035590699,5.170289804713304,-5.194816842866471,1.6115667526326112,2.597209432250295,69.32636405782436,94.0,259.71473981908196,0.025483460369704967,8.195439548192368,-7.7473054657202844,2.4677590793871085,6.0904842806499255,341.31032987847834,166.0,608.9834873897511,0.0007222614880256983,9.760427104185336,-10.520152057965504,2.992169490939831,8.953078784172787,348.1673980760952,194.0,895.3078262511128
1,10,0.002674540261451814,5.209233261311626,-5.159865722796214,1.8044265267390733,3.2559622435652464,138.8815958725032,98.0,325.5955090399637,-0.010538250715332582,7.827882835029159,-8.168950154923444,2.843371259999368,8.084871176918535,557.1940447102648,192.0,808.4760122190396,0.009765386960301962,10.440747781285733,-10.492714624042314,3.500522559876913,12.2537535549897,535.6368486146578,232.0,1225.3658192207215
2,20,-0.010209908527872277,5.20947590432124,-5.261937645284254,1.7557074861759971,3.0826130192465873,122.44447830725701,112.0,308.25087770144387,0.0017878020258243303,8.2019022895871,-8.124885624459704,2.7290739350296134,7.447847739094104,268.2920857482918,200.0,744.7844542858021,0.02539712097616566,10.550347478376802,-10.22659167908348,3.4681874877905323,12.028969464220683,636.6260198228042,214.0,1202.832445046681
3,30,-0.0009365014119248296,5.253453008565178,-5.136537235201029,1.8996005754352365,3.6084832232287756,142.6808096105845,124.0,360.8482346193881,0.01459210620516826,8.165759848891469,-8.169972629294225,2.9356165522793205,8.618057471579828,326.09169582176844,200.0,861.7844542016322,0.05937915617714156,10.166183077568308,-10.551970398113356,3.810039645166194,14.519927981926445,624.7018857931113,262.0,1451.6402097738132
4,40,-0.004961605459103162,5.058618147104495,-5.220108457307747,2.0587446649021635,4.238454212791853,142.57435096197088,68.0,423.8429595263122,0.00014397258717993632,8.095634539066676,-8.10246927602012,3.2908554082996644,10.829729339063258,449.35147678818686,106.0,1082.972931833515,0.05150845450908478,10.56873892347654,-10.300467019192114,4.076738699433286,16.622451544342915,462.58717828260274,120.0,1661.9798423457
