,time,x_mean,x_max,x_min,x_std,y_mean,y_max,y_min,y_std,z_mean,z_max,z_min,z_std
0,0,0.009164352990697044,5.347751107182266,-5.280393975915345,1.6371524847830325,-0.005822055173355186,7.953943127622982,-7.9175433381911535,2.5313588390520576,-0.005177152352313932,9.256725954781553,-8.881341223998692,2.800614622187199
1,10,-0.021275008267465086,5.356503201581687,-5.310202432937383,1.808137532076015,-0.0019478528885730842,7.827388157997856,-7.975754655292798,2.9266004693904994,0.023666723577512754,9.09097695656452,-9.106751772089217,3.1735231401760937
2,20,0.005075029334681452,5.2960767725995215,-5.2973175921932505,1.7315367598583908,-0.015534715260446405,7.960581081317282,-8.02584346169202,2.645534019370744,0.024690415604205092,9.048701687593198,-9.215683415997804,3.04737060892422
3,30,-0.007774254354547344,5.338198017975046,-5.311736142429738,1.9029090970281362,-0.012177754896783766,8.036975719216258,-7.873066423897509,2.8831830630850743,0.002354780753908463,9.258253645615312,-9.243941034793927,3.1857805355985582
4,40,0.004485108453972558,5.3364067971760285,-5.330766285845437,1.8221863318796676,-0.017782167006025733,7.884761024468858,-7.8195625135955575,2.6956141592664467,0.016074395910112595,9.236951512104376,-9.247892660165924,3.1179391736055884
5,50,-0.0067910136299492215,5.172778043074128,-5.2888120658500215,2.0210036322192,-0.0017472734575780511,8.003041930117606,-7.9997043005123185,2.93812345550504,-0.030973953066085576,9.075775226525105,-8.943716287263035,3.2950787342330674
6,60,0.0006228050016879614,5.276617912502389,-5.283756525795615,1.73212348605291,-0.02393552929428578,7.738131497888292,-8.029452573303415,2.571331313237845,-0.007689223619323522,9.055012337048355,-9.190414859951023,2.9074470321977564
7,70,0.005779715315616955,5.350013306824549,-5.319767254735924,1.831917630395105,0.0036808138008609308,8.035978253603853,-8.028916183357936,2.891779274475305,0.022012055478951922,9.2130105896025,-9.110227390292037,3.399012047773334
