,time,x_mean,x_max,x_min,x_std,y_mean,y_max,y_min,y_std,z_mean,z_max,z_min,z_std
0,0,-0.00026879256037195165,4.564503536916118,-4.441993680603347,1.66983374815223,-0.010619488984461044,7.389877805838917,-7.435200795746795,2.6829752583367603,-0.03234518356053442,8.861724179672088,-8.774705097060831,3.0677593624854356
1,10,0.0006829067263101938,4.604912445312428,-4.4406133498735345,1.4029561672373412,0.01259832931571743,7.025750239015241,-7.33077057768408,2.302031119531676,0.0023152779683204457,8.494266161974798,-8.846762434242097,2.5430509221590425
2,20,-0.0007395857507412016,4.516828173418474,-4.527467125742391,1.7579719320307041,0.0007905245696411983,7.293886828117497,-7.368784456553817,2.651902849613052,-0.04360862093459539,8.717311349487884,-8.84380282288685,3.3093125530875143
3,30,-0.0007177252136460955,4.4777290915099135,-4.4798119582616245,1.4386967298300435,-0.009722995407165732,7.4318895609636035,-6.953739388009808,2.2728665180332865,0.01722811791189303,8.670945306555224,-8.383260573881952,2.688803465842674
4,40,-0.0034678340463201096,4.568277173727827,-4.570991436840911,1.648172827116637,-0.007021772667893434,7.3925026796501205,-7.429789426722497,2.877968996194067,-0.026366939941551388,8.8460483917274,-8.864649997131348,3.218605613337054
5,50,-0.0016705858822627804,4.3581974466827305,-4.511571335146316,1.3576940901967454,0.00793337642403644,6.6099905720525145,-6.775277021315249,2.4105875814547337,0.002447547152339982,7.606102657904283,-7.275950513920176,2.139102242690506
