,time,x_mean,x_max,x_min,x_std,y_mean,y_max,y_min,y_std,z_mean,z_max,z_min,z_std
0,0,0.00787617035590699,5.170289804713304,-5.194816842866471,1.6115667526326112,0.025483460369704967,8.195439548192368,-7.7473054657202844,2.4677590793871085,0.0007222614880256983,9.760427104185336,-10.520152057965504,2.992169490939831
1,10,0.002674540261451814,5.209233261311626,-5.159865722796214,1.8044265267390733,-0.010538250715332582,7.827882835029159,-8.168950154923444,2.843371259999368,0.009765386960301962,10.440747781285733,-10.492714624042314,3.500522559876913
2,20,-0.010209908527872277,5.20947590432124,-5.261937645284254,1.7557074861759971,0.0017878020258243303,8.2019022895871,-8.124885624459704,2.7290739350296134,0.02539712097616566,10.550347478376802,-10.22659167908348,3.4681874877905323
3,30,-0.0009365014119248296,5.253453008565178,-5.136537235201029,1.8996005754352365,0.01459210620516826,8.165759848891469,-8.169972629294225,2.9356165522793205,0.05937915617714156,10.166183077568308,-10.551970398113356,3.810039645166194
4,40,-0.004961605459103162,5.058618147104495,-5.220108457307747,2.0587446649021635,0.00014397258717993632,8.095634539066676,-8.10246927602012,3.2908554082996644,0.05150845450908478,10.56873892347654,-10.300467019192114,4.076738699433286
