,time,x_mean,x_max,x_min,x_std,y_mean,y_max,y_min,y_std,z_mean,z_max,z_min,z_std
0,0,0.005622183181180093,6.854178828517572,-6.7809919118077495,2.27247082873652,0.04811041107268939,13.171518012652474,-13.323407782020665,4.423547214197855,0.00037247657832518045,12.380875781538832,-12.316587907743713,4.064445004442637
1,10,-0.002619270279003361,6.799874658337169,-6.924841498200675,2.23673015210505,-0.01965433231759125,12.056927764069206,-12.004729667048368,4.0430989682474685,-0.01756426456742589,12.112553103005277,-12.297525091902466,3.7435184620533666
2,20,-0.05348094272852355,6.747834520458024,-6.934203111095751,2.8322207343517185,-0.15591280512510636,12.830546844867802,-13.11819123347214,5.432931154832221,-0.12484505135700263,12.367490438442745,-12.238023154325647,5.18885598415586
3,30,-0.00479156722460178,6.12888132545862,-6.919327434600858,1.7447562560998546,0.005929154687137425,12.619401395710065,-12.1901921133074,3.5541803083688333,-0.025520260197515417,10.074817374895119,-12.069348237471178,3.201933014265206
4,40,-0.0053520508683609835,6.229214007829152,-6.3318760217263605,1.8611527678300086,-0.015172196439759469,13.126402225693429,-11.161512221839175,3.59638727841228,0.011245854915898825,10.532654575367776,-10.934699364129019,3.158562552073344
5,50,-0.017566381886072974,5.698441539825282,-6.133312189502266,1.853447188525456,0.0182335667744166,9.64388766925643,-10.727140274336776,3.389905013989601,-0.02215440430938804,12.213841110416825,-11.028757048889851,3.8238392155958
