,time,x_mean,x_max,x_min,x_std,y_mean,y_max,y_min,y_std,z_mean,z_max,z_min,z_std
0,0,-0.0006716185526953015,4.274409377979424,-3.9950773259774883,1.3872412831808514,-0.023575103426977762,6.196734304507152,-5.869559114104682,1.8941575937776138,0.010172819799858271,10.108925044409736,-10.308397879722099,3.7307429088169854
1,10,-0.002387831295494957,4.22230433116189,-4.142484485108405,1.2726393648061398,0.0015295926601290176,5.168569738009637,-5.833791928472568,1.8709739636663332,-0.006643897429730922,10.125478316824047,-10.236244943168133,2.9747105215038303
2,20,0.0026171091762061775,4.20924974729059,-4.244353410540166,1.501660727190925,0.004543721687451707,5.896601611323439,-6.240659827370799,2.4977216929700483,0.028709265745337203,10.074756889213864,-10.52262587440192,3.7791044184042843
3,30,0.023517102031682675,4.1917456634223695,-4.0748927566198265,1.3974521597475995,-0.006356399669736451,5.975384409419227,-6.052945411298068,1.9520865126717306,-0.01583455390232274,10.470342858929856,-10.315048116562929,3.5555993766249614
4,40,0.01878289704975112,4.149606648836938,-4.210700851160851,1.6268268696092556,-0.0026724459894077856,6.194569773274759,-6.131317314258332,2.1580134958284356,-0.04546077868513298,10.356204106271845,-10.21645679001436,3.786188699628739
5,50,-0.005110937798695942,4.116391588468297,-4.2259654303088325,1.4440157943160066,-0.015165992064448719,6.032195846977294,-5.909671582182652,1.9750349316419338,-0.005204528280410701,10.330604959845497,-9.02758038597985,3.578809940044588
6,60,-0.015743356293418526,4.03548524201238,-4.244437572596713,1.5125115576242556,0.007078968328295055,5.717614521572541,-6.0009788129690875,2.375945890502038,-0.02680327321709832,10.503008161973748,-10.519517302580397,3.49151966724012
7,70,0.005843603622214196,4.291498994643858,-4.258016183648238,1.414409908654253,-0.024918772115531573,6.226219811433798,-6.143253787005053,2.142761098227481,-0.025430154352365137,10.346396370949213,-10.199330026701404,3.3891155411055967
8,80,0.00562625115077505,4.071111848339701,-4.199075670287707,1.3311347968104312,-0.020616244527049347,6.116397970118317,-6.0144559579371055,2.067849006510359,-0.00390661533703746,10.390550641851387,-8.940681488832974,3.1715326489071374
