,time,x_mean,x_max,x_min,x_std,y_mean,y_max,y_min,y_std,z_mean,z_max,z_min,z_std
0,0,-0.00877167935533016,4.512655032035097,-4.441676948205927,1.4248698645073656,0.025618969806140233,7.566432756232013,-7.193135267780441,2.2878669038087205,-0.006100014365413164,5.5362145971611145,-5.766610584926918,1.906760376696536
1,10,-0.023280337002000343,4.753190214419092,-4.623531440251718,1.645986675535043,0.033589270953700734,7.6290585728411875,-7.6543366931569885,2.9328141444877587,0.002037922708906519,5.80132152870911,-5.768046072436098,2.167135847343381
2,20,0.008688119788858055,4.399041843596749,-4.589572121877076,1.2654354951993267,-0.0017943282268964153,7.350611953566394,-6.191238782622662,2.055605481484888,-4.4836496955913685e-05,4.9367302023253785,-5.507455557815669,1.6083453234636431
3,30,0.007081646363899966,4.6229869641925285,-4.7418974798804925,1.6484442220383275,-0.028567050254797617,7.640309325990358,-7.63235363608204,2.879436667185329,-0.0012339192476678521,5.804448377352424,-5.6930434216913035,2.1100522596452547
4,40,0.017425027451906498,4.7257035835317955,-4.716155602920038,1.7470892117245966,0.025491704163866327,7.612490050241026,-7.185299695823798,2.6526085194023894,0.030364103278474032,5.681146019079908,-5.748413685053818,2.0554552167544817
5,50,-0.007463682110804148,4.66289806774601,-4.521580332460064,1.4555836608365433,0.00894518523112718,7.411320623037182,-7.363700378723147,2.2923459966252575,0.011733229868751091,5.726454369330517,-5.7792031499680165,1.6536129666548816
6,60,-0.016610512801677895,4.582317703475827,-4.628486898160436,1.7366915381504253,0.053823274246749375,7.407281616393392,-7.319139493903683,2.5846801208296335,-0.022933145231674723,5.7828955518835485,-5.763659087206036,1.958809353537857
7,70,-0.005165143274574926,4.577341465977196,-4.69721656922414,1.5184721840468234,-0.0033155227100907137,7.0854342914661474,-7.386900989811499,2.474354344223766,0.0022809151096940304,5.316650483605926,-5.6486265992366125,1.7810401768727067
8,80,0.012591888695770735,4.708479679076504,-4.383853087130198,1.0821198801006842,-0.004208771736360451,6.702023408468902,-6.361866640161729,1.9766455769543392,-0.001477628899192078,5.114003115959552,-5.485482294732341,1.582802903801296
