,time,x_mean,x_max,x_min,x_std,y_mean,y_max,y_min,y_std,z_mean,z_max,z_min,z_std
0,0,0.002912793966759965,3.6710651496931486,-3.704530157776935,1.1899610066525301,-0.0017153296358219938,6.041842597433188,-6.800061359953593,2.069491640335458,-0.03968396308478207,8.712096665558315,-9.50754932025773,3.2302794742930123
1,10,-0.00038599487450388106,3.958271476684544,-3.4929368474185383,1.1849807064017923,0.004570918625001199,6.26959928003768,-6.569993054300735,2.2907940273755028,-0.008439397705504764,9.62954347252836,-9.51975944186459,3.075393570803918
2,20,0.03584888970284828,3.821803853729683,-3.891353799946095,1.4981899956186084,-0.0530968247775012,6.8021579267610885,-6.895423052733972,2.5891971838950294,-0.03456706645582909,9.852673083787307,-9.83871930321602,3.9223849675155456
3,30,0.010419030163881501,4.033714262223143,-3.961643024518041,1.3493789901875948,-0.03299944918830094,6.351104338889762,-6.293068951505399,2.354856591286139,-0.04198890615253246,9.11277127108307,-9.401146489985553,3.2110914994523245
4,40,0.011886520315610948,4.058663354201799,-3.888597303991741,1.5439677128235898,0.00702342329118029,6.5985236027367655,-6.854863168641166,2.585472444120851,-0.012649330268075664,9.757564822773745,-9.485761953981859,3.4620412175478834
5,50,0.005145459499955018,3.5847936995669056,-3.325613566504524,1.1394060419054697,-0.010497600206307158,5.961749179280538,-6.690379894216274,1.9188312269002272,0.012562935507587364,8.903958183500649,-9.52277271006266,2.7906181180077376
6,60,0.0031995477018000643,3.9841646570809295,-4.05384635317437,1.4363340639012583,0.10108922390245594,6.891817748028821,-6.50606471797024,2.517630571561579,-0.07770742378781015,9.83011688350206,-9.79829377359322,3.668642427156653
7,70,0.00609844885009699,3.585175537167462,-4.014736572366472,1.1405765408159512,-0.011045527670032015,5.816508697054331,-6.599251243451121,1.8184089814194648,-0.00672997675962932,8.786377850086996,-9.623166822626473,2.4631750989600487
8,80,0.022276104651530418,3.9301680035949302,-3.995100328154693,1.3594605760291159,0.01893874322339945,6.076581798315736,-6.531914242656252,2.005745808301554,-0.06884854505041965,8.977440366560561,-9.707569353543805,2.9296564569748424
