,time,x_mean,x_max,x_min,x_std,x_mean_PSD,x_max_PSD,x_PSD_above_20,x_weighted_mean,y_mean,y_max,y_min,y_std,y_mean_PSD,y_max_PSD,y_PSD_above_20,y_weighted_mean,z_mean,z_max,z_min,z_std,z_mean_PSD,z_max_PSD,z_PSD_above_20,z_weighted_mean
0,0,0.010249685273160137,5.396887891777331,-5.232706481099989,1.8422366584711944,3.393940961863312,189.74116370581902,108.0,339.38359058151127,0.009005133677637934,8.963431052079521,-8.672367167096393,2.8545195503919,8.148362956002128,523.2310323551505,164.0,814.8281863569574,0.010608891448790814,10.759629375380957,-11.06998236823138,3.5513786652798487,12.612402972782652,877.287086297294,218.0,1261.229042420488
1,10,-0.004823762162492303,5.279569168697435,-4.997262635358901,1.9096943158312942,3.6469556485997554,124.2944634526312,124.0,364.6932379918355,-0.009829885455423262,8.82728910058264,-8.819712462661869,3.285650012740243,10.795592632868026,753.0794253488027,178.0,1079.5496006219958,-0.02932802055977433,10.612251532797826,-10.98066901380475,3.723353691212446,13.8642228426553,780.475213583179,242.0,1386.3362709865344
2,20,-0.0030926930260158636,5.39429433199807,-5.353692678107869,1.9334857034836186,3.738376530325697,160.15841343266032,114.0,373.83669655755443,-0.0019818675810725616,8.944724773631837,-8.937899202316217,3.19588220194162,10.213666976486325,601.1121607162032,192.0,1021.3663048687217,-0.007865756748162058,11.054587529930572,-11.063732777962606,4.201373724592191,17.651603043822885,1642.5456354343387,242.0,1765.154117369366
3,30,-0.0013296055094844867,3.0879528466232644,-3.346748107311819,1.163464109587252,1.353650502148468,43.15718635445439,22.0,135.36487342976568,-0.0006872419640447044,6.121912209140693,-7.269336113274613,1.915299341655794,3.6683720404486357,206.82298320633103,42.0,366.8371568147119,0.023875009763232077,7.654296817665505,-8.656869965023304,2.202060966354144,4.84964251563174,374.3152454728681,64.0,484.9072499540547
