,time,x_mean,x_max,x_min,x_std,y_mean,y_max,y_min,y_std,z_mean,z_max,z_min,z_std
0,0,-0.003538734246017053,6.105670387375003,-6.968585862103504,1.6448141463597095,0.010012448190778846,13.908124805110454,-13.61029477452258,3.418696226136419,0.012400287751612287,13.235730377497433,-13.650075026245373,3.551043028879186
1,10,0.004637482748516185,5.786893672182098,-5.469176204519738,1.4732938803274318,0.00704561512313648,10.213784342567957,-9.455053434586796,2.8968807191366457,-0.0022941855193525694,11.979223697180876,-13.378832207414405,3.1073468198608256
2,20,-0.0009289370270169922,6.875329645637577,-5.987569117700539,1.5106379694566603,-0.02405584798632165,13.713658207887779,-12.651275234819396,3.7219807913465144,-0.001943381482598491,12.086955546526001,-13.516187948110064,3.3454273792385614
3,30,0.003640748426424817,7.650585762023864,-7.631226416836133,2.3555371146345387,0.020689078893720497,14.046852757868766,-13.565693433872864,4.326817639938192,0.010282513854079555,13.517081884271107,-13.590766287395867,5.07310676039451
4,40,-0.0039364048519152945,7.57624342263314,-7.626370311873077,2.782426226939081,0.014303439619717346,14.115861298012288,-13.96415742132064,5.412548720590973,-0.03999227074252478,13.689804016423395,-13.646241402421035,5.600404499672874
5,50,0.00875573325620691,7.651476572007388,-7.5756772114953055,2.871674663448785,-0.086174204724304,13.895827186343533,-14.005121576317256,5.3571413464275395,0.11498790620472878,13.619147864329893,-13.69335560265842,5.712959803176816
6,60,0.003118581809403008,7.6605301239140084,-7.6748690211061845,2.8603154595348994,0.03406458408188757,13.88883257534008,-13.920465630436617,4.972156593759427,-0.003310422796110542,13.58343048258754,-13.597627731152205,4.565910634719111
7,70,0.014411772383599813,7.594751388738795,-7.6930694400992925,3.3167449734456556,-0.005957097424840927,13.794899461767006,-13.852691248239815,5.171812280703457,-0.02017301394367218,13.667805991954708,-13.685061158898645,4.651204477735536
8,80,-0.019586791422077348,7.549735198683805,-7.657281556631481,2.7846477361873965,0.01962301413541766,14.109645625884669,-13.920430753706832,5.044318713025733,0.03035775473078741,13.228611181086034,-13.544999830258488,3.822129985931085
