,time,x_mean,x_max,x_min,x_std,y_mean,y_max,y_min,y_std,z_mean,z_max,z_min,z_std
0,0,-0.006739452994992423,3.1638407782018287,-3.1523234347698343,0.9999650714859663,0.01128104833192526,6.696423920941683,-5.916589389758045,1.9669218392524308,0.0037877579522835546,7.404076185322106,-6.688742983892047,1.9643244857757107
1,10,-0.008065059803508908,3.3848146888929183,-3.3131234835337264,1.2482693275044006,-0.009455249807852685,6.716685621704471,-6.957828737414554,2.5699900287098223,0.013168712184664859,7.212370042811361,-7.41777086734807,2.76743691168964
2,20,0.008756006333264838,3.0394844968208283,-2.768634758811397,0.9509080817661492,0.005596894885112922,6.756815096763713,-6.8791942349458175,1.9588376048052114,-0.0008796173371868345,7.4277046914817175,-7.222425476586545,2.262457054279233
3,30,0.005156644076571881,3.0655172629087764,-3.3432589538967514,0.9305590949398306,-0.004655335405242732,6.0764844240632785,-5.611447679493378,1.6800903725118133,-0.0003104999634784198,6.457942359571137,-5.360843352823053,1.7294527653379246
4,40,0.005016814105490731,3.286864862669016,-3.365987691229724,1.1895057824502366,-0.01950566897168631,6.750804184102472,-6.913776437736492,2.314948793028348,-0.007138285084643453,7.4484812995216965,-7.168067046662648,2.6351279032263406
5,50,0.011981747103480227,3.32247500427004,-3.3257578917614508,1.1845348005779979,0.028684007678959893,6.896739374317397,-6.691191106220278,2.2613353546194803,-0.04189036686001356,7.358789646345588,-7.395107852965605,2.6710955408913994
6,60,0.017560641050883802,3.386697849750159,-3.387715510395436,1.2964920607699415,-0.06186439624945433,6.717865150691521,-6.957705846344139,2.81840322896275,-0.01475544898384126,7.281668117519045,-7.41124025723278,2.643813213706798
