,time,x_mean,x_max,x_min,x_std,y_mean,y_max,y_min,y_std,z_mean,z_max,z_min,z_std
0,0,0.010249685273160137,5.396887891777331,-5.232706481099989,1.8422366584711944,0.009005133677637934,8.963431052079521,-8.672367167096393,2.8545195503919,0.010608891448790814,10.759629375380957,-11.06998236823138,3.5513786652798487
1,10,-0.004823762162492303,5.279569168697435,-4.997262635358901,1.9096943158312942,-0.009829885455423262,8.82728910058264,-8.819712462661869,3.285650012740243,-0.02932802055977433,10.612251532797826,-10.98066901380475,3.723353691212446
2,20,-0.0030926930260158636,5.39429433199807,-5.353692678107869,1.9334857034836186,-0.0019818675810725616,8.944724773631837,-8.937899202316217,3.19588220194162,-0.007865756748162058,11.054587529930572,-11.063732777962606,4.201373724592191
3,30,-0.0013296055094844867,3.0879528466232644,-3.346748107311819,1.163464109587252,-0.0006872419640447044,6.121912209140693,-7.269336113274613,1.915299341655794,0.023875009763232077,7.654296817665505,-8.656869965023304,2.202060966354144
